0,1,paths
0,1,null/81_6700_5300.tif
0,1,null/101_2000_3800.tif
0,1,null/82_2800_2200.tif
1,0,SAB/Shifting_cultivation-100-81-81_7700_6300-2019-12-01-2020-02-29.tif
1,0,SAB/Shifting_cultivation-100-49-49_2400_2100-2019-12-01-2020-02-29.tif
1,0,SAB/Shifting_cultivation-100-81-81_5300_6300-2019-12-01-2020-02-29.tif
1,0,SAB/Shifting_cultivation-100-101-101_1100_700-2019-12-01-2020-02-29.tif
1,0,SAB/Shifting_cultivation-100-81-81_4700_8100-2019-12-01-2020-02-29.tif
1,0,SAB/Shifting_cultivation-100-52-52_900_1100-2019-12-01-2020-02-29.tif
0,1,null/81_7000_10800.tif
1,0,SAB/Shifting_cultivation-100-101-101_2400_2100-2019-12-01-2020-02-29.tif
0,1,null/81_5300_2600.tif
1,0,SAB/Shifting_cultivation-100-52-52_1100_1800-2019-12-01-2020-02-29.tif
1,0,SAB/Shifting_cultivation-100-81-81_4900_10400-2019-12-01-2020-02-29.tif
0,1,null/81_4800_1800.tif
0,1,null/57_2000_3000.tif
0,1,null/81_7300_9100.tif
0,1,null/82_2100_2200.tif
1,0,SAB/Shifting_cultivation-100-101-101_500_1400-2019-12-01-2020-02-29.tif
0,1,null/60_4800_7200.tif
0,1,null/56_1000_2800.tif
0,1,null/81_8800_9000.tif
0,1,null/81_3300_10300.tif
0,1,null/67_2900_6300.tif
0,1,null/67_600_6200.tif
1,0,SAB/Shifting_cultivation-100-92-92_6100_2300-2019-12-01-2020-02-29.tif
1,0,SAB/Shifting_cultivation-100-81-81_4700_8400-2019-12-01-2020-02-29.tif
1,0,SAB/Shifting_cultivation-100-81-81_5000_12200-2019-12-01-2020-02-29.tif
1,0,SAB/Shifting_cultivation-100-56-56_500_100-2019-12-01-2020-02-29.tif
1,0,SAB/Shifting_cultivation-100-52-52_1300_2800-2019-12-01-2020-02-29.tif
1,0,SAB/Shifting_cultivation-100-101-101_1100_1800-2019-12-01-2020-02-29.tif
1,0,SAB/Shifting_cultivation-100-56-56_700_1900-2019-12-01-2020-02-29.tif
1,0,SAB/Shifting_cultivation-100-81-81_5700_10800-2019-12-01-2020-02-29.tif
1,0,SAB/Shifting_cultivation-100-81-81_6700_6800-2019-12-01-2020-02-29.tif
1,0,SAB/Shifting_cultivation-100-92-92_4100_4400-2019-12-01-2020-02-29.tif
1,0,SAB/Shifting_cultivation-100-81-81_5200_9600-2019-12-01-2020-02-29.tif
1,0,SAB/Shifting_cultivation-100-52-52_1400_1100-2019-12-01-2020-02-29.tif
0,1,null/81_3000_7900.tif
1,0,SAB/Shifting_cultivation-100-81-81_5600_4000-2019-12-01-2020-02-29.tif
1,0,SAB/Shifting_cultivation-100-81-81_8400_3900-2019-12-01-2020-02-29.tif
0,1,null/100_500_1000.tif
0,1,null/60_1800_500.tif
0,1,null/81_8300_10400.tif
0,1,null/81_4600_11200.tif
1,0,SAB/Shifting_cultivation-100-56-56_400_400-2019-12-01-2020-02-29.tif
1,0,SAB/Shifting_cultivation-100-52-52_2100_2000-2019-12-01-2020-02-29.tif
1,0,SAB/Shifting_cultivation-100-92-92_5300_3800-2019-12-01-2020-02-29.tif
1,0,SAB/Shifting_cultivation-100-81-81_6300_9900-2019-12-01-2020-02-29.tif
1,0,SAB/Shifting_cultivation-100-52-52_700_500-2019-12-01-2020-02-29.tif
0,1,null/67_3500_4900.tif
1,0,SAB/Shifting_cultivation-100-52-52_2000_2100-2019-12-01-2020-02-29.tif
1,0,SAB/Shifting_cultivation-100-81-81_4900_8500-2019-12-01-2020-02-29.tif
0,1,null/67_3500_1800.tif
1,0,SAB/Shifting_cultivation-100-81-81_5300_7700-2019-12-01-2020-02-29.tif
1,0,SAB/Shifting_cultivation-100-81-81_5100_11700-2019-12-01-2020-02-29.tif
0,1,null/81_6600_6400.tif
0,1,null/60_2500_3300.tif
1,0,SAB/Shifting_cultivation-100-81-81_5800_10100-2019-12-01-2020-02-29.tif
1,0,SAB/Shifting_cultivation-100-92-92_5300_2800-2019-12-01-2020-02-29.tif
1,0,SAB/Shifting_cultivation-100-92-92_5300_2700-2019-12-01-2020-02-29.tif
1,0,SAB/Shifting_cultivation-100-52-52_900_500-2019-12-01-2020-02-29.tif
0,1,null/81_7300_10700.tif
1,0,SAB/Shifting_cultivation-100-56-56_1400_2900-2019-12-01-2020-02-29.tif
0,1,null/81_3600_11900.tif
0,1,null/101_600_1300.tif
0,1,null/80_2800_2900.tif
0,1,null/81_4600_4200.tif
0,1,null/92_5900_1600.tif
1,0,SAB/Shifting_cultivation-100-81-81_4900_12400-2019-12-01-2020-02-29.tif
0,1,null/56_1800_600.tif
0,1,null/60_900_1400.tif
0,1,null/80_3200_3200.tif
0,1,null/92_3900_1100.tif
1,0,SAB/Shifting_cultivation-100-81-81_5000_9500-2019-12-01-2020-02-29.tif
1,0,SAB/Shifting_cultivation-100-81-81_5800_6600-2019-12-01-2020-02-29.tif
1,0,SAB/Shifting_cultivation-100-101-101_1000_1900-2019-12-01-2020-02-29.tif
1,0,SAB/Shifting_cultivation-100-81-81_2900_8600-2019-12-01-2020-02-29.tif
0,1,null/50_1000_1800.tif
0,1,null/81_3500_10200.tif
1,0,SAB/Shifting_cultivation-100-81-81_5900_9700-2019-12-01-2020-02-29.tif
1,0,SAB/Shifting_cultivation-100-92-92_1600_4900-2019-12-01-2020-02-29.tif
1,0,SAB/Shifting_cultivation-100-49-49_2700_1500-2019-12-01-2020-02-29.tif
0,1,null/60_1000_1900.tif
1,0,SAB/Shifting_cultivation-100-52-52_1700_3400-2019-12-01-2020-02-29.tif
0,1,null/79_1100_1300.tif
1,0,SAB/Shifting_cultivation-100-101-101_3000_3800-2019-12-01-2020-02-29.tif
0,1,null/81_5600_5200.tif
1,0,SAB/Shifting_cultivation-100-81-81_8900_3400-2019-12-01-2020-02-29.tif
1,0,SAB/Shifting_cultivation-100-81-81_4300_5100-2019-12-01-2020-02-29.tif
0,1,null/67_3100_1600.tif
1,0,SAB/Shifting_cultivation-100-81-81_5500_9900-2019-12-01-2020-02-29.tif
1,0,SAB/Shifting_cultivation-100-49-49_1900_3200-2019-12-01-2020-02-29.tif
0,1,null/67_1100_2800.tif
1,0,SAB/Shifting_cultivation-100-92-92_2400_2700-2019-12-01-2020-02-29.tif
0,1,null/50_2300_4100.tif
1,0,SAB/Shifting_cultivation-100-101-101_1300_3600-2019-12-01-2020-02-29.tif
1,0,SAB/Shifting_cultivation-100-81-81_5600_4100-2019-12-01-2020-02-29.tif
0,1,null/81_3600_2400.tif
0,1,null/62_600_300.tif
0,1,null/67_2700_2200.tif
1,0,SAB/Shifting_cultivation-100-101-101_2300_2000-2019-12-01-2020-02-29.tif
0,1,null/81_6400_8700.tif
0,1,null/81_5200_5400.tif
0,1,null/91_1300_1900.tif
1,0,SAB/Shifting_cultivation-100-81-81_4500_13100-2019-12-01-2020-02-29.tif
1,0,SAB/Shifting_cultivation-100-92-92_5400_2400-2019-12-01-2020-02-29.tif
0,1,null/81_5700_11300.tif
0,1,null/81_8200_1700.tif
1,0,SAB/Shifting_cultivation-100-92-92_5600_3400-2019-12-01-2020-02-29.tif
0,1,null/81_3600_11300.tif
0,1,null/81_7200_11700.tif
0,1,null/60_5200_9800.tif
0,1,null/67_1500_4900.tif
0,1,null/81_4000_2300.tif
1,0,SAB/Shifting_cultivation-100-101-101_1800_2600-2019-12-01-2020-02-29.tif
1,0,SAB/Shifting_cultivation-100-81-81_8000_2800-2019-12-01-2020-02-29.tif
0,1,null/50_2300_3300.tif
0,1,null/81_6800_3400.tif
1,0,SAB/Shifting_cultivation-100-56-56_500_1200-2019-12-01-2020-02-29.tif
0,1,null/57_1100_2500.tif
1,0,SAB/Shifting_cultivation-100-81-81_5500_3800-2019-12-01-2020-02-29.tif
1,0,SAB/Shifting_cultivation-100-81-81_5400_10300-2019-12-01-2020-02-29.tif
0,1,null/81_6400_12100.tif
0,1,null/92_2500_3000.tif
0,1,null/81_3900_7700.tif
1,0,SAB/Shifting_cultivation-100-101-101_1300_3700-2019-12-01-2020-02-29.tif
1,0,SAB/Shifting_cultivation-100-101-101_2600_2100-2019-12-01-2020-02-29.tif
1,0,SAB/Shifting_cultivation-100-81-81_5800_10700-2019-12-01-2020-02-29.tif
0,1,null/60_2400_2200.tif
0,1,null/81_3700_10900.tif
1,0,SAB/Shifting_cultivation-100-81-81_3100_9200-2019-12-01-2020-02-29.tif
1,0,SAB/Shifting_cultivation-100-81-81_7700_11000-2019-12-01-2020-02-29.tif
0,1,null/67_2300_3500.tif
1,0,SAB/Shifting_cultivation-100-52-52_2000_1600-2019-12-01-2020-02-29.tif
0,1,null/60_3400_6100.tif
1,0,SAB/Shifting_cultivation-100-81-81_5400_11200-2019-12-01-2020-02-29.tif
0,1,null/57_1900_2500.tif
1,0,SAB/Shifting_cultivation-100-92-92_4000_4000-2019-12-01-2020-02-29.tif
1,0,SAB/Shifting_cultivation-100-101-101_1000_2400-2019-12-01-2020-02-29.tif
1,0,SAB/Shifting_cultivation-100-81-81_5000_9400-2019-12-01-2020-02-29.tif
1,0,SAB/Shifting_cultivation-100-56-56_1300_3000-2019-12-01-2020-02-29.tif
0,1,null/52_200_2400.tif
0,1,null/91_1500_3300.tif
1,0,SAB/Shifting_cultivation-100-101-101_2500_2100-2019-12-01-2020-02-29.tif
1,0,SAB/Shifting_cultivation-100-92-92_2900_4200-2019-12-01-2020-02-29.tif
1,0,SAB/Shifting_cultivation-100-81-81_5800_11900-2019-12-01-2020-02-29.tif
0,1,null/81_7700_8900.tif
0,1,null/92_4800_3700.tif
0,1,null/60_400_4300.tif
0,1,null/56_2000_100.tif
1,0,SAB/Shifting_cultivation-100-81-81_6800_6800-2019-12-01-2020-02-29.tif
0,1,null/81_7000_4800.tif
0,1,null/67_1300_1600.tif
0,1,null/81_3200_7300.tif
1,0,SAB/Shifting_cultivation-100-81-81_7500_6500-2019-12-01-2020-02-29.tif
0,1,null/50_1900_2700.tif
0,1,null/92_4700_4400.tif
0,1,null/67_1600_5300.tif
0,1,null/57_2100_2900.tif
0,1,null/101_2400_1200.tif
0,1,null/50_2000_2100.tif
0,1,null/81_8600_5500.tif
0,1,null/52_900_3900.tif
1,0,SAB/Shifting_cultivation-100-81-81_5500_10900-2019-12-01-2020-02-29.tif
0,1,null/92_7600_3100.tif
0,1,null/80_1700_2200.tif
0,1,null/67_3300_1200.tif
0,1,null/60_4800_6800.tif
0,1,null/57_400_3200.tif
0,1,null/81_5300_6800.tif
1,0,SAB/Shifting_cultivation-100-81-81_6500_2600-2019-12-01-2020-02-29.tif
1,0,SAB/Shifting_cultivation-100-49-49_1400_2600-2019-12-01-2020-02-29.tif
0,1,null/81_4500_3400.tif
0,1,null/67_1900_3600.tif
0,1,null/81_8000_7000.tif
1,0,SAB/Shifting_cultivation-100-81-81_5000_12900-2019-12-01-2020-02-29.tif
0,1,null/81_6700_5800.tif
1,0,SAB/Shifting_cultivation-100-52-52_1200_1300-2019-12-01-2020-02-29.tif
0,1,null/80_1600_3100.tif
1,0,SAB/Shifting_cultivation-100-81-81_7600_11100-2019-12-01-2020-02-29.tif
1,0,SAB/Shifting_cultivation-100-81-81_5900_10700-2019-12-01-2020-02-29.tif
0,1,null/52_1100_4300.tif
0,1,null/82_0_1700.tif
0,1,null/81_3800_5500.tif
1,0,SAB/Shifting_cultivation-100-81-81_5000_9800-2019-12-01-2020-02-29.tif
1,0,SAB/Shifting_cultivation-100-92-92_3800_2700-2019-12-01-2020-02-29.tif
0,1,null/91_1200_2300.tif
0,1,null/81_5200_12800.tif
0,1,null/60_3000_4700.tif
0,1,null/50_1700_3800.tif
0,1,null/67_1300_800.tif
0,1,null/81_4700_6900.tif
0,1,null/81_3800_12100.tif
1,0,SAB/Shifting_cultivation-100-101-101_900_1600-2019-12-01-2020-02-29.tif
0,1,null/60_1900_1900.tif
0,1,null/92_5300_1800.tif
0,1,null/60_3700_7000.tif
1,0,SAB/Shifting_cultivation-100-52-52_700_1400-2019-12-01-2020-02-29.tif
0,1,null/50_400_400.tif
0,1,null/81_3900_11600.tif
0,1,null/60_3100_5000.tif
1,0,SAB/Shifting_cultivation-100-81-81_6700_6800-2019-12-01-2020-02-29.tif
0,1,null/60_500_9200.tif
1,0,SAB/Shifting_cultivation-100-101-101_1700_700-2019-12-01-2020-02-29.tif
1,0,SAB/Shifting_cultivation-100-49-49_1200_2900-2019-12-01-2020-02-29.tif
0,1,ISL/ISL-100-82-82_1800_1700-2020-12-15-2021-03-15.tif
0,1,null/56_1200_3600.tif
1,0,SAB/Shifting_cultivation-100-52-52_1300_4100-2019-12-01-2020-02-29.tif
1,0,SAB/Shifting_cultivation-100-81-81_8300_3500-2019-12-01-2020-02-29.tif
1,0,SAB/Shifting_cultivation-100-81-81_5600_6300-2019-12-01-2020-02-29.tif
1,0,SAB/Shifting_cultivation-100-81-81_7400_5200-2019-12-01-2020-02-29.tif
0,1,null/67_3100_300.tif
1,0,SAB/Shifting_cultivation-100-101-101_1700_4300-2019-12-01-2020-02-29.tif
1,0,SAB/Shifting_cultivation-100-51-51_1200_400-2019-12-01-2020-02-29.tif
1,0,SAB/Shifting_cultivation-100-81-81_5300_8700-2019-12-01-2020-02-29.tif
0,1,null/60_200_3700.tif
0,1,null/81_3300_7800.tif
1,0,SAB/Shifting_cultivation-100-92-92_5800_3500-2019-12-01-2020-02-29.tif
0,1,null/82_1000_1400.tif
1,0,SAB/Shifting_cultivation-100-92-92_1400_4700-2019-12-01-2020-02-29.tif
0,1,null/81_3400_9600.tif
1,0,SAB/Shifting_cultivation-100-81-81_5400_7400-2019-12-01-2020-02-29.tif
1,0,SAB/Shifting_cultivation-100-51-51_900_200-2019-12-01-2020-02-29.tif
1,0,SAB/Shifting_cultivation-100-101-101_2400_2100-2019-12-01-2020-02-29.tif
0,1,null/81_3200_9600.tif
1,0,SAB/Shifting_cultivation-100-81-81_6400_2400-2019-12-01-2020-02-29.tif
0,1,null/60_2500_3000.tif
0,1,ISL/ISL-100-79-79_1000_1300-2019-11-30-2020-02-28.tif
0,1,null/50_1100_1400.tif
0,1,null/81_8200_11000.tif
0,1,null/50_2300_1900.tif
0,1,null/49_1500_3300.tif
0,1,null/60_2600_4300.tif
0,1,null/60_2700_2900.tif
1,0,SAB/Shifting_cultivation-100-81-81_3600_9300-2019-12-01-2020-02-29.tif
1,0,SAB/Shifting_cultivation-100-49-49_1500_2200-2019-12-01-2020-02-29.tif
1,0,SAB/Shifting_cultivation-100-81-81_6400_3100-2019-12-01-2020-02-29.tif
0,1,null/81_3800_11000.tif
1,0,SAB/Shifting_cultivation-100-92-92_6600_3300-2019-12-01-2020-02-29.tif
0,1,null/81_6600_10000.tif
1,0,SAB/Shifting_cultivation-100-81-81_8400_3000-2019-12-01-2020-02-29.tif
1,0,SAB/Shifting_cultivation-100-52-52_1000_2300-2019-12-01-2020-02-29.tif
0,1,null/67_3000_2300.tif
1,0,SAB/Shifting_cultivation-100-49-49_1700_1600-2019-12-01-2020-02-29.tif
0,1,null/50_2400_6800.tif
1,0,SAB/Shifting_cultivation-100-81-81_5700_6100-2019-12-01-2020-02-29.tif
0,1,null/60_1900_800.tif
0,1,null/57_500_1600.tif
0,1,null/50_2100_4200.tif
0,1,null/81_7700_4000.tif
0,1,null/60_2300_1400.tif
0,1,null/81_6100_5800.tif
1,0,SAB/Shifting_cultivation-100-92-92_1900_4600-2019-12-01-2020-02-29.tif
1,0,SAB/Shifting_cultivation-100-51-51_1000_400-2019-12-01-2020-02-29.tif
0,1,null/49_3400_1200.tif
1,0,SAB/Shifting_cultivation-100-81-81_6400_3200-2019-12-01-2020-02-29.tif
0,1,null/101_2200_3200.tif
1,0,SAB/Shifting_cultivation-100-101-101_1100_1400-2019-12-01-2020-02-29.tif
1,0,SAB/Shifting_cultivation-100-56-56_700_800-2019-12-01-2020-02-29.tif
1,0,SAB/Shifting_cultivation-100-49-49_1900_1300-2019-12-01-2020-02-29.tif
0,1,null/60_5600_10100.tif
1,0,SAB/Shifting_cultivation-100-49-49_2600_1300-2019-12-01-2020-02-29.tif
1,0,SAB/Shifting_cultivation-100-52-52_1200_1300-2019-12-01-2020-02-29.tif
1,0,SAB/Shifting_cultivation-100-52-52_1900_3300-2019-12-01-2020-02-29.tif
1,0,SAB/Shifting_cultivation-100-81-81_3300_8900-2019-12-01-2020-02-29.tif
0,1,null/92_6000_1700.tif
1,0,SAB/Shifting_cultivation-100-51-51_700_300-2019-12-01-2020-02-29.tif
0,1,null/91_1600_3200.tif
0,1,null/57_900_1900.tif
0,1,null/82_1400_800.tif
1,0,SAB/Shifting_cultivation-100-49-49_1500_2400-2019-12-01-2020-02-29.tif
1,0,SAB/Shifting_cultivation-100-56-56_900_1800-2019-12-01-2020-02-29.tif
0,1,null/101_2700_3300.tif
1,0,SAB/Shifting_cultivation-100-52-52_1200_700-2019-12-01-2020-02-29.tif
1,0,SAB/Shifting_cultivation-100-92-92_4100_2700-2019-12-01-2020-02-29.tif
0,1,null/49_400_1700.tif
0,1,null/80_3000_1400.tif
0,1,null/50_2700_4700.tif
0,1,null/67_2400_6100.tif
0,1,null/60_5800_9200.tif
0,1,null/92_7500_2900.tif
1,0,SAB/Shifting_cultivation-100-81-81_6900_900-2019-12-01-2020-02-29.tif
1,0,SAB/Shifting_cultivation-100-101-101_1800_2300-2019-12-01-2020-02-29.tif
0,1,null/57_2600_3000.tif
0,1,null/81_5100_3300.tif
0,1,null/81_3800_2700.tif
0,1,null/80_3000_3000.tif
0,1,null/67_1100_6300.tif
1,0,SAB/Shifting_cultivation-100-81-81_7100_6900-2019-12-01-2020-02-29.tif
0,1,null/52_1100_3500.tif
1,0,SAB/Shifting_cultivation-100-92-92_6600_2500-2019-12-01-2020-02-29.tif
0,1,null/82_1500_700.tif
0,1,null/92_1100_4300.tif
0,1,null/80_2400_3000.tif
0,1,null/81_4100_9600.tif
0,1,ISL/ISL-100-99-99_1000_1800-2020-12-15-2021-03-15.tif
1,0,SAB/Shifting_cultivation-100-52-52_1100_2600-2019-12-01-2020-02-29.tif
1,0,SAB/Shifting_cultivation-100-81-81_6200_3300-2019-12-01-2020-02-29.tif
1,0,SAB/Shifting_cultivation-100-81-81_5100_12000-2019-12-01-2020-02-29.tif
1,0,SAB/Shifting_cultivation-100-51-51_1300_400-2019-12-01-2020-02-29.tif
0,1,null/54_100_700.tif
1,0,SAB/Shifting_cultivation-100-81-81_8000_3100-2019-12-01-2020-02-29.tif
0,1,null/92_400_2600.tif
0,1,null/101_2000_4600.tif
0,1,null/81_6500_12100.tif
1,0,SAB/Shifting_cultivation-100-52-52_800_1200-2019-12-01-2020-02-29.tif
1,0,SAB/Shifting_cultivation-100-52-52_1600_3800-2019-12-01-2020-02-29.tif
1,0,SAB/Shifting_cultivation-100-101-101_2400_1800-2019-12-01-2020-02-29.tif
1,0,SAB/Shifting_cultivation-100-52-52_1800_3800-2019-12-01-2020-02-29.tif
1,0,SAB/Shifting_cultivation-100-81-81_8000_3000-2019-12-01-2020-02-29.tif
1,0,SAB/Shifting_cultivation-100-81-81_5900_10700-2019-12-01-2020-02-29.tif
0,1,ISL/ISL-100-79-79_800_1000-2019-11-30-2020-02-28.tif
0,1,null/52_700_2700.tif
0,1,null/81_4700_11400.tif
1,0,SAB/Shifting_cultivation-100-101-101_1300_3700-2019-12-01-2020-02-29.tif
0,1,null/60_2100_1200.tif
0,1,null/81_5100_3500.tif
1,0,SAB/Shifting_cultivation-100-101-101_2200_2100-2019-12-01-2020-02-29.tif
0,1,null/92_3900_2900.tif
0,1,null/60_5500_10200.tif
1,0,SAB/Shifting_cultivation-100-101-101_2300_2700-2019-12-01-2020-02-29.tif
1,0,SAB/Shifting_cultivation-100-81-81_7500_6300-2019-12-01-2020-02-29.tif
1,0,SAB/Shifting_cultivation-100-52-52_1800_3100-2019-12-01-2020-02-29.tif
0,1,null/81_7500_1400.tif
0,1,null/57_1800_2600.tif
1,0,SAB/Shifting_cultivation-100-52-52_1800_2400-2019-12-01-2020-02-29.tif
0,1,null/92_3700_4300.tif
1,0,SAB/Shifting_cultivation-100-81-81_4600_13100-2019-12-01-2020-02-29.tif
1,0,SAB/Shifting_cultivation-100-101-101_1400_3400-2019-12-01-2020-02-29.tif
1,0,SAB/Shifting_cultivation-100-81-81_5400_11500-2019-12-01-2020-02-29.tif
0,1,null/81_6300_7800.tif
1,0,SAB/Shifting_cultivation-100-101-101_2200_2000-2019-12-01-2020-02-29.tif
0,1,null/67_3000_2900.tif
0,1,null/80_3400_3300.tif
0,1,null/81_4000_9000.tif
0,1,null/81_7300_8700.tif
0,1,null/49_1100_1600.tif
0,1,null/60_800_9400.tif
0,1,null/67_2500_6000.tif
0,1,null/101_1600_500.tif
0,1,null/60_800_8500.tif
0,1,null/81_5300_6000.tif
0,1,null/81_4600_1900.tif
0,1,null/60_0_7300.tif
0,1,null/92_4600_2500.tif
0,1,null/81_7600_3700.tif
1,0,SAB/Shifting_cultivation-100-52-52_2100_2800-2019-12-01-2020-02-29.tif
0,1,null/52_700_3400.tif
1,0,SAB/Shifting_cultivation-100-81-81_5000_8400-2019-12-01-2020-02-29.tif
0,1,null/50_2500_3700.tif
1,0,SAB/Shifting_cultivation-100-49-49_2000_1500-2019-12-01-2020-02-29.tif
0,1,null/92_5100_1800.tif
1,0,SAB/Shifting_cultivation-100-49-49_2600_1300-2019-12-01-2020-02-29.tif
0,1,null/81_7100_9100.tif
0,1,null/82_1900_1600.tif
0,1,null/81_4900_1800.tif
0,1,null/49_1600_400.tif
0,1,null/81_9000_6300.tif
1,0,SAB/Shifting_cultivation-100-81-81_6100_3100-2019-12-01-2020-02-29.tif
1,0,SAB/Shifting_cultivation-100-81-81_5500_11500-2019-12-01-2020-02-29.tif
0,1,null/92_1600_2800.tif
0,1,null/49_2600_1200.tif
0,1,null/81_4500_9100.tif
1,0,SAB/Shifting_cultivation-100-92-92_3300_3900-2019-12-01-2020-02-29.tif
1,0,SAB/Shifting_cultivation-100-92-92_6400_2600-2019-12-01-2020-02-29.tif
1,0,SAB/Shifting_cultivation-100-81-81_9000_3600-2019-12-01-2020-02-29.tif
1,0,SAB/Shifting_cultivation-100-92-92_6500_3500-2019-12-01-2020-02-29.tif
1,0,SAB/Shifting_cultivation-100-81-81_4200_5000-2019-12-01-2020-02-29.tif
0,1,null/49_1200_3400.tif
0,1,null/49_1300_700.tif
1,0,SAB/Shifting_cultivation-100-56-56_1900_4100-2019-12-01-2020-02-29.tif
1,0,SAB/Shifting_cultivation-100-81-81_4800_4600-2019-12-01-2020-02-29.tif
0,1,null/67_3600_2600.tif
0,1,null/50_900_400.tif
0,1,ISL/ISL-100-79-79_500_1000-2019-11-30-2020-02-28.tif
0,1,null/81_4100_8400.tif
0,1,null/81_4900_6200.tif
0,1,null/80_1400_3800.tif
1,0,SAB/Shifting_cultivation-100-92-92_5600_2100-2019-12-01-2020-02-29.tif
1,0,SAB/Shifting_cultivation-100-81-81_8300_3000-2019-12-01-2020-02-29.tif
1,0,SAB/Shifting_cultivation-100-81-81_7000_11200-2019-12-01-2020-02-29.tif
0,1,null/67_1200_3000.tif
0,1,null/49_1000_1000.tif
0,1,null/67_3300_1100.tif
1,0,SAB/Shifting_cultivation-100-49-49_1800_900-2019-12-01-2020-02-29.tif
1,0,SAB/Shifting_cultivation-100-81-81_8800_3200-2019-12-01-2020-02-29.tif
0,1,null/92_600_3200.tif
0,1,null/81_6300_1700.tif
1,0,SAB/Shifting_cultivation-100-92-92_5000_2500-2019-12-01-2020-02-29.tif
0,1,null/67_2100_2100.tif
1,0,SAB/Shifting_cultivation-100-81-81_7900_2800-2019-12-01-2020-02-29.tif
0,1,null/81_4900_7400.tif
0,1,null/81_2900_7400.tif
0,1,null/82_300_600.tif
0,1,null/81_6900_2800.tif
0,1,null/82_200_200.tif
0,1,null/50_1300_800.tif
0,1,null/82_900_1600.tif
1,0,SAB/Shifting_cultivation-100-81-81_5600_2700-2019-12-01-2020-02-29.tif
1,0,SAB/Shifting_cultivation-100-49-49_1300_1800-2019-12-01-2020-02-29.tif
1,0,SAB/Shifting_cultivation-100-81-81_6300_10200-2019-12-01-2020-02-29.tif
0,1,null/82_0_2300.tif
0,1,null/60_3400_5000.tif
0,1,null/92_3600_2000.tif
0,1,null/50_1600_2000.tif
0,1,ISL/ISL-100-79-79_1700_1900-2019-11-30-2020-02-28.tif
1,0,SAB/Shifting_cultivation-100-56-56_300_700-2019-12-01-2020-02-29.tif
1,0,SAB/Shifting_cultivation-100-92-92_5400_1800-2019-12-01-2020-02-29.tif
1,0,SAB/Shifting_cultivation-100-49-49_1300_3600-2019-12-01-2020-02-29.tif
1,0,SAB/Shifting_cultivation-100-56-56_1300_3300-2019-12-01-2020-02-29.tif
0,1,industrial_agriculture/Industrial_agriculture-100-52-52_1400_1600-2020-12-15-2021-03-15.tif
1,0,SAB/Shifting_cultivation-100-101-101_2800_2500-2019-12-01-2020-02-29.tif
0,1,ISL/ISL-100-79-79_500_400-2019-11-30-2020-02-28.tif
0,1,null/81_6100_2200.tif
0,1,null/81_8900_10400.tif
1,0,SAB/Shifting_cultivation-100-49-49_1300_2600-2019-12-01-2020-02-29.tif
1,0,SAB/Shifting_cultivation-100-81-81_7100_800-2019-12-01-2020-02-29.tif
1,0,SAB/Shifting_cultivation-100-81-81_5800_3800-2019-12-01-2020-02-29.tif
1,0,SAB/Shifting_cultivation-100-81-81_5300_6400-2019-12-01-2020-02-29.tif
0,1,null/60_400_9800.tif
1,0,SAB/Shifting_cultivation-100-81-81_5000_11800-2019-12-01-2020-02-29.tif
0,1,null/92_3600_1200.tif
1,0,SAB/Shifting_cultivation-100-49-49_2300_1600-2019-12-01-2020-02-29.tif
1,0,SAB/Shifting_cultivation-100-101-101_1800_600-2019-12-01-2020-02-29.tif
0,1,null/81_7600_3400.tif
0,1,null/54_600_100.tif
0,1,null/81_6000_12200.tif
0,1,null/60_3200_3300.tif
0,1,null/91_1100_1200.tif
1,0,SAB/Shifting_cultivation-100-81-81_5100_10800-2019-12-01-2020-02-29.tif
0,1,null/81_7800_10100.tif
0,1,null/80_3300_3500.tif
0,1,null/81_8000_4900.tif
0,1,null/81_3400_3800.tif
1,0,SAB/Shifting_cultivation-100-101-101_900_2800-2019-12-01-2020-02-29.tif
1,0,SAB/Shifting_cultivation-100-81-81_6400_10100-2019-12-01-2020-02-29.tif
1,0,SAB/Shifting_cultivation-100-52-52_900_1100-2019-12-01-2020-02-29.tif
1,0,SAB/Shifting_cultivation-100-92-92_5300_3900-2019-12-01-2020-02-29.tif
0,1,null/92_1200_3700.tif
0,1,null/60_4400_8100.tif
0,1,null/49_3000_2200.tif
0,1,null/67_3500_5800.tif
0,1,null/49_2000_3300.tif
0,1,null/65_1000_1100.tif
0,1,null/92_4400_3600.tif
1,0,SAB/Shifting_cultivation-100-81-81_5500_10100-2019-12-01-2020-02-29.tif
0,1,null/81_8200_5300.tif
1,0,SAB/Shifting_cultivation-100-81-81_7300_6900-2019-12-01-2020-02-29.tif
0,1,null/49_1900_700.tif
0,1,null/92_2400_4200.tif
0,1,null/50_2500_3000.tif
0,1,null/67_1800_3900.tif
0,1,null/99_1000_300.tif
0,1,null/81_4800_7200.tif
1,0,SAB/Shifting_cultivation-100-101-101_1100_1700-2019-12-01-2020-02-29.tif
0,1,null/81_7800_1100.tif
1,0,SAB/Shifting_cultivation-100-56-56_800_1300-2019-12-01-2020-02-29.tif
0,1,null/81_4400_3000.tif
1,0,SAB/Shifting_cultivation-100-49-49_2100_3200-2019-12-01-2020-02-29.tif
1,0,SAB/Shifting_cultivation-100-81-81_6000_4000-2019-12-01-2020-02-29.tif
0,1,null/60_4300_7700.tif
1,0,SAB/Shifting_cultivation-100-101-101_1900_1900-2019-12-01-2020-02-29.tif
0,1,null/60_800_600.tif
0,1,null/81_5000_3600.tif
0,1,industrial_agriculture/Industrial_agriculture-100-49-49_2300_2800-2020-12-15-2021-03-15.tif
1,0,SAB/Shifting_cultivation-100-81-81_4700_8100-2019-12-01-2020-02-29.tif
1,0,SAB/Shifting_cultivation-100-101-101_2200_2900-2019-12-01-2020-02-29.tif
1,0,SAB/Shifting_cultivation-100-81-81_5100_11600-2019-12-01-2020-02-29.tif
0,1,null/82_800_2900.tif
0,1,null/81_6900_10400.tif
0,1,null/81_7000_10500.tif
0,1,null/81_7800_9100.tif
1,0,SAB/Shifting_cultivation-100-81-81_5100_12300-2019-12-01-2020-02-29.tif
0,1,null/81_3200_8200.tif
0,1,null/92_6100_3100.tif
0,1,null/56_2300_1400.tif
0,1,null/67_1400_2900.tif
0,1,null/81_4900_3700.tif
0,1,ISL/ISL-100-91-91_1600_1200-2019-12-01-2020-02-29.tif
0,1,ISL/ISL-100-65-65_1000_1200-2019-12-28-2020-03-27.tif
1,0,SAB/Shifting_cultivation-100-101-101_2100_1300-2019-12-01-2020-02-29.tif
0,1,null/50_2600_4800.tif
1,0,SAB/Shifting_cultivation-100-81-81_7900_5700-2019-12-01-2020-02-29.tif
0,1,null/81_5300_8400.tif
1,0,SAB/Shifting_cultivation-100-92-92_700_2400-2019-12-01-2020-02-29.tif
1,0,SAB/Shifting_cultivation-100-56-56_600_1500-2019-12-01-2020-02-29.tif
0,1,null/81_5800_2200.tif
0,1,null/81_6700_2600.tif
1,0,SAB/Shifting_cultivation-100-81-81_3400_8500-2019-12-01-2020-02-29.tif
1,0,SAB/Shifting_cultivation-100-92-92_3000_4500-2019-12-01-2020-02-29.tif
1,0,SAB/Shifting_cultivation-100-81-81_3300_9200-2019-12-01-2020-02-29.tif
1,0,SAB/Shifting_cultivation-100-101-101_1700_900-2019-12-01-2020-02-29.tif
1,0,SAB/Shifting_cultivation-100-81-81_7900_2800-2019-12-01-2020-02-29.tif
1,0,SAB/Shifting_cultivation-100-81-81_3500_8900-2019-12-01-2020-02-29.tif
1,0,SAB/Shifting_cultivation-100-81-81_5000_12500-2019-12-01-2020-02-29.tif
1,0,SAB/Shifting_cultivation-100-101-101_1100_500-2019-12-01-2020-02-29.tif
0,1,null/50_2900_2600.tif
0,1,null/50_1400_500.tif
1,0,SAB/Shifting_cultivation-100-81-81_5800_2800-2019-12-01-2020-02-29.tif
1,0,SAB/Shifting_cultivation-100-81-81_5500_9800-2019-12-01-2020-02-29.tif
0,1,null/81_3200_7600.tif
0,1,null/81_8900_7700.tif
1,0,SAB/Shifting_cultivation-100-91-91_1200_3300-2019-12-01-2020-02-29.tif
1,0,SAB/Shifting_cultivation-100-81-81_7300_6400-2019-12-01-2020-02-29.tif
0,1,null/92_2400_3600.tif
0,1,null/60_800_1700.tif
1,0,SAB/Shifting_cultivation-100-81-81_5700_10100-2019-12-01-2020-02-29.tif
1,0,SAB/Shifting_cultivation-100-92-92_800_3600-2019-12-01-2020-02-29.tif
0,1,null/81_6900_10200.tif
0,1,null/92_4300_4600.tif
1,0,SAB/Shifting_cultivation-100-101-101_1000_2300-2019-12-01-2020-02-29.tif
0,1,null/50_2300_3600.tif
1,0,SAB/Shifting_cultivation-100-101-101_2100_3900-2019-12-01-2020-02-29.tif
0,1,null/50_2000_3600.tif
0,1,null/82_400_600.tif
0,1,null/81_7300_5300.tif
0,1,null/80_2600_2600.tif
0,1,null/80_2400_3300.tif
0,1,null/82_100_2700.tif
1,0,SAB/Shifting_cultivation-100-92-92_1900_2400-2019-12-01-2020-02-29.tif
0,1,null/49_1400_1600.tif
0,1,null/50_2700_6700.tif
0,1,null/81_7400_10900.tif
1,0,SAB/Shifting_cultivation-100-101-101_1100_3600-2019-12-01-2020-02-29.tif
0,1,ISL/ISL-100-100-100_1000_1100-2020-12-15-2021-03-15.tif
1,0,SAB/Shifting_cultivation-100-81-81_7600_5300-2019-12-01-2020-02-29.tif
0,1,null/81_4000_8300.tif
0,1,null/56_2200_500.tif
1,0,SAB/Shifting_cultivation-100-52-52_1400_500-2019-12-01-2020-02-29.tif
0,1,null/81_7200_10300.tif
1,0,SAB/Shifting_cultivation-100-56-56_600_100-2019-12-01-2020-02-29.tif
1,0,SAB/Shifting_cultivation-100-92-92_2000_2800-2019-12-01-2020-02-29.tif
1,0,SAB/Shifting_cultivation-100-81-81_8400_3400-2019-12-01-2020-02-29.tif
0,1,null/101_1300_400.tif
0,1,null/81_4600_8600.tif
0,1,null/60_3400_4400.tif
1,0,SAB/Shifting_cultivation-100-92-92_5700_3600-2019-12-01-2020-02-29.tif
1,0,SAB/Shifting_cultivation-100-81-81_5800_7500-2019-12-01-2020-02-29.tif
1,0,SAB/Shifting_cultivation-100-56-56_1500_3300-2019-12-01-2020-02-29.tif
1,0,SAB/Shifting_cultivation-100-81-81_7600_6300-2019-12-01-2020-02-29.tif
0,1,null/80_2100_500.tif
0,1,null/81_6600_5300.tif
1,0,SAB/Shifting_cultivation-100-101-101_2000_600-2019-12-01-2020-02-29.tif
1,0,SAB/Shifting_cultivation-100-49-49_1400_1800-2019-12-01-2020-02-29.tif
0,1,null/92_3800_3500.tif
1,0,SAB/Shifting_cultivation-100-52-52_500_800-2019-12-01-2020-02-29.tif
0,1,null/92_6200_1900.tif
1,0,SAB/Shifting_cultivation-100-49-49_2500_2400-2019-12-01-2020-02-29.tif
1,0,SAB/Shifting_cultivation-100-101-101_800_400-2019-12-01-2020-02-29.tif
0,1,null/81_6300_6200.tif
1,0,SAB/Shifting_cultivation-100-92-92_2700_4200-2019-12-01-2020-02-29.tif
0,1,null/50_3300_4100.tif
0,1,null/81_6600_7400.tif
0,1,industrial_agriculture/Industrial_agriculture-100-52-52_1000_2200-2020-12-15-2021-03-15.tif
0,1,null/81_7300_10800.tif
1,0,SAB/Shifting_cultivation-100-49-49_2200_3200-2019-12-01-2020-02-29.tif
1,0,SAB/Shifting_cultivation-100-92-92_3600_4000-2019-12-01-2020-02-29.tif
0,1,null/60_4400_8500.tif
1,0,SAB/Shifting_cultivation-100-49-49_2400_1300-2019-12-01-2020-02-29.tif
0,1,null/57_2800_2400.tif
0,1,null/101_3500_3900.tif
0,1,null/57_4700_2800.tif
1,0,SAB/Shifting_cultivation-100-81-81_5100_4500-2019-12-01-2020-02-29.tif
1,0,SAB/Shifting_cultivation-100-101-101_800_500-2019-12-01-2020-02-29.tif
1,0,SAB/Shifting_cultivation-100-52-52_1700_2000-2019-12-01-2020-02-29.tif
0,1,null/49_3100_1700.tif
0,1,null/50_1900_1300.tif
0,1,null/67_2200_2100.tif
0,1,null/80_1800_1600.tif
0,1,null/50_2500_1200.tif
1,0,SAB/Shifting_cultivation-100-56-56_800_1800-2019-12-01-2020-02-29.tif
0,1,null/82_900_2600.tif
0,1,null/60_2700_4900.tif
0,1,null/81_3400_10200.tif
0,1,null/50_700_1800.tif
0,1,null/81_8500_10900.tif
0,1,null/81_3500_11400.tif
0,1,null/81_8400_9900.tif
1,0,SAB/Shifting_cultivation-100-81-81_5800_2600-2019-12-01-2020-02-29.tif
1,0,SAB/Shifting_cultivation-100-101-101_1300_3300-2019-12-01-2020-02-29.tif
0,1,null/65_200_400.tif
0,1,null/90_700_400.tif
0,1,null/81_4800_5400.tif
0,1,null/81_8100_2400.tif
0,1,null/93_800_300.tif
1,0,SAB/Shifting_cultivation-100-81-81_6700_1400-2019-12-01-2020-02-29.tif
0,1,null/60_5200_9100.tif
0,1,null/50_2700_2400.tif
0,1,null/52_700_3000.tif
0,1,null/100_1200_1400.tif
1,0,SAB/Shifting_cultivation-100-81-81_8800_3900-2019-12-01-2020-02-29.tif
0,1,null/100_400_1600.tif
0,1,null/60_800_1000.tif
1,0,SAB/Shifting_cultivation-100-81-81_7300_7100-2019-12-01-2020-02-29.tif
1,0,SAB/Shifting_cultivation-100-81-81_4700_12700-2019-12-01-2020-02-29.tif
1,0,SAB/Shifting_cultivation-100-81-81_4700_13000-2019-12-01-2020-02-29.tif
1,0,SAB/Shifting_cultivation-100-92-92_3000_4400-2019-12-01-2020-02-29.tif
1,0,SAB/Shifting_cultivation-100-81-81_7600_5300-2019-12-01-2020-02-29.tif
1,0,SAB/Shifting_cultivation-100-51-51_100_700-2019-12-01-2020-02-29.tif
0,1,ISL/ISL-100-94-94_100_400-2020-12-15-2021-03-15.tif
0,1,null/60_3900_7900.tif
1,0,SAB/Shifting_cultivation-100-92-92_3500_4000-2019-12-01-2020-02-29.tif
1,0,SAB/Shifting_cultivation-100-81-81_7900_2900-2019-12-01-2020-02-29.tif
1,0,SAB/Shifting_cultivation-100-81-81_7000_1700-2019-12-01-2020-02-29.tif
1,0,SAB/Shifting_cultivation-100-92-92_5400_1600-2019-12-01-2020-02-29.tif
1,0,SAB/Shifting_cultivation-100-52-52_800_900-2019-12-01-2020-02-29.tif
1,0,SAB/Shifting_cultivation-100-52-52_2000_1900-2019-12-01-2020-02-29.tif
0,1,null/60_5100_8100.tif
0,1,null/60_5400_10200.tif
1,0,SAB/Shifting_cultivation-100-92-92_5400_2100-2019-12-01-2020-02-29.tif
1,0,SAB/Shifting_cultivation-100-51-51_800_200-2019-12-01-2020-02-29.tif
1,0,SAB/Shifting_cultivation-100-81-81_6900_1300-2019-12-01-2020-02-29.tif
1,0,SAB/Shifting_cultivation-100-92-92_5100_2500-2019-12-01-2020-02-29.tif
0,1,null/67_3300_5300.tif
1,0,SAB/Shifting_cultivation-100-101-101_1800_2800-2019-12-01-2020-02-29.tif
1,0,SAB/Shifting_cultivation-100-81-81_3500_9000-2019-12-01-2020-02-29.tif
1,0,SAB/Shifting_cultivation-100-81-81_5200_11100-2019-12-01-2020-02-29.tif
0,1,null/81_4800_9100.tif
1,0,SAB/Shifting_cultivation-100-56-56_1400_3500-2019-12-01-2020-02-29.tif
0,1,null/81_4000_12400.tif
1,0,SAB/Shifting_cultivation-100-51-51_200_600-2019-12-01-2020-02-29.tif
0,1,null/49_900_2000.tif
1,0,SAB/Shifting_cultivation-100-92-92_4000_4100-2019-12-01-2020-02-29.tif
1,0,SAB/Shifting_cultivation-100-81-81_8100_3200-2019-12-01-2020-02-29.tif
0,1,null/67_3200_1300.tif
1,0,SAB/Shifting_cultivation-100-101-101_1900_3500-2019-12-01-2020-02-29.tif
0,1,null/81_5400_4400.tif
0,1,null/60_4900_8600.tif
1,0,SAB/Shifting_cultivation-100-56-56_600_1600-2019-12-01-2020-02-29.tif
0,1,null/49_1800_3100.tif
0,1,null/67_2800_2100.tif
0,1,null/50_2400_3700.tif
0,1,null/81_8600_10400.tif
0,1,null/81_6700_9300.tif
0,1,null/81_4500_5400.tif
0,1,null/49_2100_800.tif
0,1,null/60_2400_4700.tif
1,0,SAB/Shifting_cultivation-100-81-81_6000_10700-2019-12-01-2020-02-29.tif
0,1,null/60_4800_7100.tif
0,1,null/81_2900_8100.tif
0,1,null/60_4000_7600.tif
1,0,SAB/Shifting_cultivation-100-81-81_5400_7500-2019-12-01-2020-02-29.tif
1,0,SAB/Shifting_cultivation-100-56-56_1100_2000-2019-12-01-2020-02-29.tif
0,1,null/50_2900_1700.tif
0,1,null/81_5200_4200.tif
0,1,ISL/ISL-100-79-79_800_900-2019-11-30-2020-02-28.tif
0,1,null/56_1500_0.tif
0,1,null/92_3200_3300.tif
1,0,SAB/Shifting_cultivation-100-49-49_2000_1000-2019-12-01-2020-02-29.tif
0,1,null/81_6400_6300.tif
1,0,SAB/Shifting_cultivation-100-52-52_200_500-2019-12-01-2020-02-29.tif
1,0,SAB/Shifting_cultivation-100-81-81_7600_5400-2019-12-01-2020-02-29.tif
0,1,null/80_1900_600.tif
0,1,ISL/ISL-100-82-82_1900_1200-2020-12-15-2021-03-15.tif
1,0,SAB/Shifting_cultivation-100-49-49_2400_1500-2019-12-01-2020-02-29.tif
1,0,SAB/Shifting_cultivation-100-81-81_4800_9900-2019-12-01-2020-02-29.tif
0,1,null/80_3400_1400.tif
0,1,null/81_3800_7300.tif
1,0,SAB/Shifting_cultivation-100-81-81_5800_7500-2019-12-01-2020-02-29.tif
1,0,SAB/Shifting_cultivation-100-81-81_5000_8400-2019-12-01-2020-02-29.tif
1,0,SAB/Shifting_cultivation-100-81-81_6000_11000-2019-12-01-2020-02-29.tif
0,1,null/81_8400_1800.tif
1,0,SAB/Shifting_cultivation-100-101-101_1700_600-2019-12-01-2020-02-29.tif
0,1,null/49_1800_500.tif
0,1,null/101_3200_3300.tif
0,1,null/82_2000_900.tif
0,1,null/50_1100_500.tif
1,0,SAB/Shifting_cultivation-100-56-56_500_200-2019-12-01-2020-02-29.tif
1,0,SAB/Shifting_cultivation-100-101-101_400_1800-2019-12-01-2020-02-29.tif
0,1,null/60_6400_10200.tif
1,0,SAB/Shifting_cultivation-100-51-51_200_700-2019-12-01-2020-02-29.tif
0,1,null/81_7800_7900.tif
0,1,null/81_7100_6500.tif
1,0,SAB/Shifting_cultivation-100-92-92_1700_2500-2019-12-01-2020-02-29.tif
0,1,null/81_3800_10900.tif
0,1,null/62_400_1300.tif
1,0,SAB/Shifting_cultivation-100-101-101_900_400-2019-12-01-2020-02-29.tif
0,1,null/92_3900_3000.tif
0,1,null/52_900_4100.tif
0,1,null/81_4600_5600.tif
1,0,SAB/Shifting_cultivation-100-81-81_5700_3400-2019-12-01-2020-02-29.tif
0,1,null/81_6400_10900.tif
1,0,SAB/Shifting_cultivation-100-56-56_900_2300-2019-12-01-2020-02-29.tif
1,0,SAB/Shifting_cultivation-100-101-101_1800_1100-2019-12-01-2020-02-29.tif
0,1,null/81_8700_5600.tif
0,1,null/67_2000_4200.tif
1,0,SAB/Shifting_cultivation-100-101-101_2300_3400-2019-12-01-2020-02-29.tif
1,0,SAB/Shifting_cultivation-100-49-49_1000_2700-2019-12-01-2020-02-29.tif
1,0,SAB/Shifting_cultivation-100-92-92_5300_2800-2019-12-01-2020-02-29.tif
1,0,SAB/Shifting_cultivation-100-52-52_1200_1100-2019-12-01-2020-02-29.tif
0,1,null/67_3100_6000.tif
0,1,null/67_1700_3200.tif
1,0,SAB/Shifting_cultivation-100-101-101_1000_1200-2019-12-01-2020-02-29.tif
0,1,null/60_600_11000.tif
0,1,null/92_2400_3000.tif
0,1,null/81_2500_7500.tif
0,1,null/92_2900_2800.tif
0,1,null/81_6100_7600.tif
1,0,SAB/Shifting_cultivation-100-81-81_3200_9000-2019-12-01-2020-02-29.tif
0,1,null/60_4500_8100.tif
0,1,null/81_5500_7800.tif
0,1,null/82_2600_2800.tif
0,1,null/57_2100_2800.tif
1,0,SAB/Shifting_cultivation-100-81-81_4600_12200-2019-12-01-2020-02-29.tif
0,1,null/67_2800_5000.tif
0,1,null/81_7300_7600.tif
1,0,SAB/Shifting_cultivation-100-81-81_7000_11600-2019-12-01-2020-02-29.tif
0,1,null/60_1800_1800.tif
0,1,null/80_1800_2600.tif
1,0,SAB/Shifting_cultivation-100-92-92_3000_4200-2019-12-01-2020-02-29.tif
0,1,null/81_4400_9500.tif
1,0,SAB/Shifting_cultivation-100-101-101_1700_4300-2019-12-01-2020-02-29.tif
0,1,null/50_2700_6900.tif
0,1,null/81_6800_2300.tif
1,0,SAB/Shifting_cultivation-100-81-81_8000_5700-2019-12-01-2020-02-29.tif
0,1,ISL/ISL-100-79-79_1200_1900-2019-11-30-2020-02-28.tif
0,1,null/81_4600_10900.tif
1,0,SAB/Shifting_cultivation-100-49-49_1600_2200-2019-12-01-2020-02-29.tif
1,0,SAB/Shifting_cultivation-100-49-49_1500_1500-2019-12-01-2020-02-29.tif
1,0,SAB/Shifting_cultivation-100-81-81_6100_10800-2019-12-01-2020-02-29.tif
1,0,SAB/Shifting_cultivation-100-81-81_6200_2100-2019-12-01-2020-02-29.tif
1,0,SAB/Shifting_cultivation-100-92-92_4900_2900-2019-12-01-2020-02-29.tif
0,1,null/92_3300_3100.tif
0,1,null/81_4400_7800.tif
0,1,null/57_2300_2500.tif
1,0,SAB/Shifting_cultivation-100-92-92_6300_3500-2019-12-01-2020-02-29.tif
1,0,SAB/Shifting_cultivation-100-81-81_5000_11000-2019-12-01-2020-02-29.tif
0,1,null/67_1200_600.tif
1,0,SAB/Shifting_cultivation-100-49-49_1100_3500-2019-12-01-2020-02-29.tif
1,0,SAB/Shifting_cultivation-100-92-92_6600_3400-2019-12-01-2020-02-29.tif
1,0,SAB/Shifting_cultivation-100-81-81_5800_2700-2019-12-01-2020-02-29.tif
1,0,SAB/Shifting_cultivation-100-81-81_5200_11800-2019-12-01-2020-02-29.tif
1,0,SAB/Shifting_cultivation-100-92-92_6500_3400-2019-12-01-2020-02-29.tif
0,1,null/52_400_1400.tif
1,0,SAB/Shifting_cultivation-100-101-101_2400_3600-2019-12-01-2020-02-29.tif
1,0,SAB/Shifting_cultivation-100-101-101_1900_1700-2019-12-01-2020-02-29.tif
1,0,SAB/Shifting_cultivation-100-92-92_5600_1800-2019-12-01-2020-02-29.tif
0,1,null/50_1900_2900.tif
0,1,null/81_4300_4800.tif
1,0,SAB/Shifting_cultivation-100-81-81_8500_3700-2019-12-01-2020-02-29.tif
0,1,null/81_3000_9300.tif
1,0,SAB/Shifting_cultivation-100-101-101_1100_1600-2019-12-01-2020-02-29.tif
0,1,null/50_2400_3000.tif
1,0,SAB/Shifting_cultivation-100-49-49_1700_1500-2019-12-01-2020-02-29.tif
0,1,null/52_1400_4200.tif
0,1,null/81_4500_10700.tif
0,1,null/49_900_1900.tif
1,0,SAB/Shifting_cultivation-100-81-81_5900_2800-2019-12-01-2020-02-29.tif
0,1,null/67_3400_3700.tif
1,0,SAB/Shifting_cultivation-100-81-81_4800_12900-2019-12-01-2020-02-29.tif
0,1,null/81_8300_10600.tif
0,1,null/60_5200_10400.tif
0,1,null/67_1000_1400.tif
1,0,SAB/Shifting_cultivation-100-81-81_4900_4900-2019-12-01-2020-02-29.tif
1,0,SAB/Shifting_cultivation-100-92-92_3000_4400-2019-12-01-2020-02-29.tif
1,0,SAB/Shifting_cultivation-100-51-51_600_700-2019-12-01-2020-02-29.tif
0,1,null/49_800_2400.tif
0,1,null/81_6900_2400.tif
0,1,ISL/ISL-100-79-79_900_1800-2019-11-30-2020-02-28.tif
1,0,SAB/Shifting_cultivation-100-92-92_7200_3500-2019-12-01-2020-02-29.tif
1,0,SAB/Shifting_cultivation-100-81-81_6500_7300-2019-12-01-2020-02-29.tif
0,1,null/81_6700_4400.tif
0,1,null/91_1800_700.tif
1,0,SAB/Shifting_cultivation-100-81-81_4800_8900-2019-12-01-2020-02-29.tif
1,0,SAB/Shifting_cultivation-100-49-49_1100_2600-2019-12-01-2020-02-29.tif
1,0,SAB/Shifting_cultivation-100-92-92_4900_2100-2019-12-01-2020-02-29.tif
1,0,SAB/Shifting_cultivation-100-92-92_1000_3300-2019-12-01-2020-02-29.tif
0,1,null/81_6700_5400.tif
1,0,SAB/Shifting_cultivation-100-101-101_2300_3100-2019-12-01-2020-02-29.tif
1,0,SAB/Shifting_cultivation-100-81-81_2900_8700-2019-12-01-2020-02-29.tif
1,0,SAB/Shifting_cultivation-100-101-101_2700_2700-2019-12-01-2020-02-29.tif
0,1,null/67_3600_3300.tif
1,0,SAB/Shifting_cultivation-100-81-81_8400_3900-2019-12-01-2020-02-29.tif
0,1,null/92_1800_3100.tif
1,0,SAB/Shifting_cultivation-100-81-81_8600_4700-2019-12-01-2020-02-29.tif
1,0,SAB/Shifting_cultivation-100-81-81_6800_7000-2019-12-01-2020-02-29.tif
0,1,null/60_400_10400.tif
1,0,SAB/Shifting_cultivation-100-81-81_5300_11400-2019-12-01-2020-02-29.tif
0,1,null/60_4400_7100.tif
0,1,null/67_3400_900.tif
1,0,SAB/Shifting_cultivation-100-81-81_5000_9800-2019-12-01-2020-02-29.tif
0,1,null/81_4900_4000.tif
1,0,SAB/Shifting_cultivation-100-81-81_7800_5300-2019-12-01-2020-02-29.tif
1,0,SAB/Shifting_cultivation-100-81-81_5100_11000-2019-12-01-2020-02-29.tif
0,1,null/81_6800_5400.tif
1,0,SAB/Shifting_cultivation-100-92-92_4400_2800-2019-12-01-2020-02-29.tif
0,1,null/67_3100_2100.tif
0,1,null/92_3900_3300.tif
0,1,null/82_1200_800.tif
0,1,null/60_4900_9600.tif
0,1,null/81_3400_11200.tif
0,1,null/81_4400_8900.tif
0,1,null/101_2700_4500.tif
0,1,null/56_2200_4300.tif
0,1,null/67_2100_6300.tif
1,0,SAB/Shifting_cultivation-100-101-101_2100_1100-2019-12-01-2020-02-29.tif
0,1,ISL/ISL-100-91-91_900_1200-2019-12-01-2020-02-29.tif
0,1,null/81_3900_6400.tif
0,1,null/81_4400_6700.tif
0,1,null/67_3900_4500.tif
0,1,null/81_3400_7100.tif
1,0,SAB/Shifting_cultivation-100-81-81_5600_3400-2019-12-01-2020-02-29.tif
0,1,null/57_1400_2000.tif
1,0,SAB/Shifting_cultivation-100-81-81_5300_12300-2019-12-01-2020-02-29.tif
0,1,null/81_8000_9800.tif
0,1,null/101_2000_3300.tif
0,1,null/92_4600_3500.tif
0,1,null/81_8100_5500.tif
0,1,null/81_8800_5800.tif
1,0,SAB/Shifting_cultivation-100-52-52_400_800-2019-12-01-2020-02-29.tif
0,1,null/81_7300_8400.tif
1,0,SAB/Shifting_cultivation-100-56-56_600_1600-2019-12-01-2020-02-29.tif
0,1,null/81_9200_4100.tif
0,1,null/81_6300_4000.tif
1,0,SAB/Shifting_cultivation-100-101-101_1700_1800-2019-12-01-2020-02-29.tif
0,1,null/81_4000_10200.tif
0,1,null/82_100_2500.tif
1,0,SAB/Shifting_cultivation-100-49-49_2900_2400-2019-12-01-2020-02-29.tif
1,0,SAB/Shifting_cultivation-100-49-49_2500_2000-2019-12-01-2020-02-29.tif
1,0,SAB/Shifting_cultivation-100-81-81_3500_8800-2019-12-01-2020-02-29.tif
0,1,null/80_2100_900.tif
0,1,null/67_3600_4900.tif
0,1,ISL/ISL-100-79-79_1300_1400-2019-11-30-2020-02-28.tif
0,1,null/81_3300_9600.tif
0,1,null/60_1900_1000.tif
0,1,null/81_7100_5000.tif
1,0,SAB/Shifting_cultivation-100-92-92_5200_2000-2019-12-01-2020-02-29.tif
1,0,SAB/Shifting_cultivation-100-51-51_200_400-2019-12-01-2020-02-29.tif
1,0,SAB/Shifting_cultivation-100-81-81_5700_4000-2019-12-01-2020-02-29.tif
0,1,null/81_7500_5800.tif
0,1,null/91_1400_1400.tif
0,1,null/60_2400_4000.tif
1,0,SAB/Shifting_cultivation-100-81-81_5200_8700-2019-12-01-2020-02-29.tif
1,0,SAB/Shifting_cultivation-100-101-101_2000_1600-2019-12-01-2020-02-29.tif
1,0,SAB/Shifting_cultivation-100-81-81_7700_2800-2019-12-01-2020-02-29.tif
1,0,SAB/Shifting_cultivation-100-81-81_6300_11700-2019-12-01-2020-02-29.tif
0,1,null/67_3700_4700.tif
1,0,SAB/Shifting_cultivation-100-56-56_700_2100-2019-12-01-2020-02-29.tif
0,1,null/81_3100_6700.tif
1,0,SAB/Shifting_cultivation-100-81-81_7400_6500-2019-12-01-2020-02-29.tif
0,1,null/81_8400_9400.tif
1,0,SAB/Shifting_cultivation-100-81-81_8000_2900-2019-12-01-2020-02-29.tif
0,1,null/80_1700_1800.tif
0,1,null/92_4500_4200.tif
1,0,SAB/Shifting_cultivation-100-81-81_6000_11700-2019-12-01-2020-02-29.tif
1,0,SAB/Shifting_cultivation-100-91-91_900_500-2019-12-01-2020-02-29.tif
1,0,SAB/Shifting_cultivation-100-56-56_900_2000-2019-12-01-2020-02-29.tif
0,1,null/60_3000_3200.tif
1,0,SAB/Shifting_cultivation-100-52-52_1500_3200-2019-12-01-2020-02-29.tif
1,0,SAB/Shifting_cultivation-100-81-81_6300_10100-2019-12-01-2020-02-29.tif
0,1,null/50_0_300.tif
0,1,null/82_2700_1300.tif
0,1,null/81_5600_6700.tif
0,1,null/80_1900_1400.tif
1,0,SAB/Shifting_cultivation-100-81-81_6200_10100-2019-12-01-2020-02-29.tif
0,1,null/56_300_1100.tif
0,1,null/60_2700_5200.tif
1,0,SAB/Shifting_cultivation-100-101-101_2100_1100-2019-12-01-2020-02-29.tif
0,1,null/81_5200_12600.tif
1,0,SAB/Shifting_cultivation-100-81-81_7300_6800-2019-12-01-2020-02-29.tif
0,1,null/81_4500_8900.tif
0,1,ISL/ISL-100-100-100_700_200-2020-12-15-2021-03-15.tif
1,0,SAB/Shifting_cultivation-100-92-92_2700_4500-2019-12-01-2020-02-29.tif
1,0,SAB/Shifting_cultivation-100-81-81_8400_4500-2019-12-01-2020-02-29.tif
1,0,SAB/Shifting_cultivation-100-81-81_7900_5700-2019-12-01-2020-02-29.tif
1,0,SAB/Shifting_cultivation-100-101-101_1300_1500-2019-12-01-2020-02-29.tif
1,0,SAB/Shifting_cultivation-100-49-49_1800_3000-2019-12-01-2020-02-29.tif
0,1,null/50_2300_3800.tif
0,1,null/80_1700_3300.tif
0,1,null/60_4200_8400.tif
1,0,SAB/Shifting_cultivation-100-81-81_8200_10700-2019-12-01-2020-02-29.tif
0,1,null/50_3200_3700.tif
0,1,null/49_3100_2100.tif
1,0,SAB/Shifting_cultivation-100-56-56_500_1300-2019-12-01-2020-02-29.tif
1,0,SAB/Shifting_cultivation-100-51-51_500_300-2019-12-01-2020-02-29.tif
0,1,null/81_8200_1900.tif
1,0,SAB/Shifting_cultivation-100-81-81_6500_1700-2019-12-01-2020-02-29.tif
0,1,null/81_6300_8300.tif
0,1,null/101_3400_4100.tif
0,1,null/92_2500_4400.tif
0,1,null/79_200_800.tif
1,0,SAB/Shifting_cultivation-100-81-81_5700_10800-2019-12-01-2020-02-29.tif
0,1,null/92_3000_1500.tif
0,1,null/81_6300_9400.tif
0,1,null/81_6700_2200.tif
0,1,null/49_2500_2900.tif
0,1,null/50_2400_4900.tif
0,1,null/92_6800_2800.tif
0,1,null/81_9100_4900.tif
0,1,null/92_5000_2000.tif
1,0,SAB/Shifting_cultivation-100-81-81_5000_8900-2019-12-01-2020-02-29.tif
1,0,SAB/Shifting_cultivation-100-101-101_1900_1600-2019-12-01-2020-02-29.tif
1,0,SAB/Shifting_cultivation-100-49-49_2700_2000-2019-12-01-2020-02-29.tif
0,1,null/50_1300_1600.tif
0,1,null/81_6300_9000.tif
1,0,SAB/Shifting_cultivation-100-49-49_2600_1900-2019-12-01-2020-02-29.tif
0,1,null/50_2800_4300.tif
0,1,null/60_2300_4200.tif
1,0,SAB/Shifting_cultivation-100-101-101_2000_2000-2019-12-01-2020-02-29.tif
0,1,null/81_7800_9900.tif
1,0,SAB/Shifting_cultivation-100-81-81_6600_2300-2019-12-01-2020-02-29.tif
1,0,SAB/Shifting_cultivation-100-81-81_6300_10700-2019-12-01-2020-02-29.tif
1,0,SAB/Shifting_cultivation-100-81-81_6300_2500-2019-12-01-2020-02-29.tif
0,1,null/56_700_3800.tif
0,1,null/81_4100_7600.tif
1,0,SAB/Shifting_cultivation-100-92-92_5300_2200-2019-12-01-2020-02-29.tif
0,1,null/81_4600_10300.tif
0,1,null/50_1100_2500.tif
0,1,null/57_100_1800.tif
1,0,SAB/Shifting_cultivation-100-51-51_400_600-2019-12-01-2020-02-29.tif
0,1,null/81_7200_8800.tif
1,0,SAB/Shifting_cultivation-100-81-81_5700_3500-2019-12-01-2020-02-29.tif
0,1,null/67_1800_4000.tif
1,0,SAB/Shifting_cultivation-100-81-81_5300_8900-2019-12-01-2020-02-29.tif
0,1,null/67_1200_2200.tif
1,0,SAB/Shifting_cultivation-100-51-51_600_700-2019-12-01-2020-02-29.tif
0,1,null/57_0_3900.tif
0,1,null/57_500_2200.tif
1,0,SAB/Shifting_cultivation-100-81-81_6900_1600-2019-12-01-2020-02-29.tif
0,1,null/81_4300_7100.tif
1,0,SAB/Shifting_cultivation-100-51-51_800_500-2019-12-01-2020-02-29.tif
0,1,null/92_5300_4000.tif
0,1,null/60_6200_9800.tif
0,1,null/92_700_4100.tif
1,0,SAB/Shifting_cultivation-100-101-101_600_900-2019-12-01-2020-02-29.tif
1,0,SAB/Shifting_cultivation-100-81-81_8600_4700-2019-12-01-2020-02-29.tif
1,0,SAB/Shifting_cultivation-100-49-49_1400_2400-2019-12-01-2020-02-29.tif
1,0,SAB/Shifting_cultivation-100-81-81_4700_8100-2019-12-01-2020-02-29.tif
0,1,null/81_6100_4300.tif
0,1,null/67_3500_1600.tif
0,1,null/50_1000_1900.tif
0,1,null/57_5000_200.tif
0,1,null/60_4400_7700.tif
0,1,null/81_5000_7100.tif
0,1,null/67_2700_100.tif
1,0,SAB/Shifting_cultivation-100-81-81_5500_11400-2019-12-01-2020-02-29.tif
0,1,null/82_2100_700.tif
1,0,SAB/Shifting_cultivation-100-81-81_5400_11400-2019-12-01-2020-02-29.tif
0,1,null/82_2100_2000.tif
0,1,null/56_2200_200.tif
0,1,null/92_3600_1800.tif
1,0,SAB/Shifting_cultivation-100-81-81_5900_7400-2019-12-01-2020-02-29.tif
0,1,null/81_2900_8500.tif
0,1,null/81_3100_3800.tif
1,0,SAB/Shifting_cultivation-100-101-101_1800_1000-2019-12-01-2020-02-29.tif
0,1,null/92_2300_3800.tif
1,0,SAB/Shifting_cultivation-100-92-92_700_3600-2019-12-01-2020-02-29.tif
0,1,null/67_3700_3900.tif
1,0,SAB/Shifting_cultivation-100-81-81_6000_10800-2019-12-01-2020-02-29.tif
0,1,null/92_4000_4300.tif
1,0,SAB/Shifting_cultivation-100-92-92_900_3400-2019-12-01-2020-02-29.tif
0,1,null/81_8000_6800.tif
0,1,null/81_8000_6500.tif
0,1,null/81_8300_8200.tif
0,1,null/80_3200_2500.tif
0,1,null/81_3000_7200.tif
0,1,null/60_3200_3900.tif
1,0,SAB/Shifting_cultivation-100-81-81_6200_2900-2019-12-01-2020-02-29.tif
0,1,null/101_2700_1800.tif
0,1,null/92_1100_4000.tif
1,0,SAB/Shifting_cultivation-100-81-81_6600_6900-2019-12-01-2020-02-29.tif
0,1,null/57_2500_2700.tif
0,1,null/57_4900_2800.tif
0,1,null/81_3300_9800.tif
0,1,null/60_6000_10600.tif
1,0,SAB/Shifting_cultivation-100-101-101_2300_1300-2019-12-01-2020-02-29.tif
0,1,null/81_5100_12800.tif
1,0,SAB/Shifting_cultivation-100-101-101_1900_3500-2019-12-01-2020-02-29.tif
0,1,null/81_4400_5900.tif
0,1,null/80_1700_4300.tif
1,0,SAB/Shifting_cultivation-100-81-81_7900_5500-2019-12-01-2020-02-29.tif
0,1,null/81_8200_10100.tif
0,1,null/60_2100_4100.tif
0,1,null/81_4600_6900.tif
1,0,SAB/Shifting_cultivation-100-81-81_5500_11500-2019-12-01-2020-02-29.tif
1,0,SAB/Shifting_cultivation-100-51-51_1000_600-2019-12-01-2020-02-29.tif
1,0,SAB/Shifting_cultivation-100-49-49_1600_2800-2019-12-01-2020-02-29.tif
1,0,SAB/Shifting_cultivation-100-52-52_1400_900-2019-12-01-2020-02-29.tif
0,1,null/49_3400_1000.tif
0,1,null/50_500_600.tif
0,1,null/50_2300_3700.tif
1,0,SAB/Shifting_cultivation-100-81-81_5200_8700-2019-12-01-2020-02-29.tif
0,1,null/81_6000_9500.tif
1,0,SAB/Shifting_cultivation-100-81-81_5400_9400-2019-12-01-2020-02-29.tif
0,1,null/60_4600_8600.tif
0,1,null/60_900_7000.tif
0,1,null/60_200_4100.tif
1,0,SAB/Shifting_cultivation-100-49-49_2400_1600-2019-12-01-2020-02-29.tif
1,0,SAB/Shifting_cultivation-100-92-92_5400_3900-2019-12-01-2020-02-29.tif
1,0,SAB/Shifting_cultivation-100-101-101_700_1400-2019-12-01-2020-02-29.tif
0,1,null/92_4200_3200.tif
0,1,null/50_2400_5400.tif
1,0,SAB/Shifting_cultivation-100-81-81_5300_11800-2019-12-01-2020-02-29.tif
1,0,SAB/Shifting_cultivation-100-51-51_200_400-2019-12-01-2020-02-29.tif
0,1,null/92_1800_2900.tif
1,0,SAB/Shifting_cultivation-100-56-56_800_1200-2019-12-01-2020-02-29.tif
0,1,null/81_7400_9800.tif
1,0,SAB/Shifting_cultivation-100-51-51_800_800-2019-12-01-2020-02-29.tif
0,1,null/81_8300_2100.tif
0,1,null/81_5000_1200.tif
0,1,null/81_6900_8300.tif
0,1,null/81_3400_7800.tif
1,0,SAB/Shifting_cultivation-100-81-81_5200_11000-2019-12-01-2020-02-29.tif
0,1,null/81_3300_8000.tif
1,0,SAB/Shifting_cultivation-100-81-81_5100_8700-2019-12-01-2020-02-29.tif
1,0,SAB/Shifting_cultivation-100-81-81_8100_2900-2019-12-01-2020-02-29.tif
0,1,null/80_3400_3500.tif
1,0,SAB/Shifting_cultivation-100-81-81_5600_6400-2019-12-01-2020-02-29.tif
0,1,null/67_2000_2000.tif
0,1,null/82_0_1500.tif
1,0,SAB/Shifting_cultivation-100-101-101_1100_2100-2019-12-01-2020-02-29.tif
0,1,null/81_6100_8900.tif
0,1,null/60_4100_7600.tif
0,1,null/92_3300_3700.tif
1,0,SAB/Shifting_cultivation-100-52-52_1100_2700-2019-12-01-2020-02-29.tif
1,0,SAB/Shifting_cultivation-100-92-92_5900_2600-2019-12-01-2020-02-29.tif
0,1,null/60_4900_8300.tif
0,1,null/67_2200_1400.tif
1,0,SAB/Shifting_cultivation-100-81-81_7300_5200-2019-12-01-2020-02-29.tif
1,0,SAB/Shifting_cultivation-100-52-52_1600_1200-2019-12-01-2020-02-29.tif
1,0,SAB/Shifting_cultivation-100-81-81_5300_9600-2019-12-01-2020-02-29.tif
1,0,SAB/Shifting_cultivation-100-81-81_6900_1200-2019-12-01-2020-02-29.tif
1,0,SAB/Shifting_cultivation-100-81-81_7900_5800-2019-12-01-2020-02-29.tif
1,0,SAB/Shifting_cultivation-100-49-49_900_2700-2019-12-01-2020-02-29.tif
1,0,SAB/Shifting_cultivation-100-52-52_1600_3600-2019-12-01-2020-02-29.tif
0,1,null/81_6900_11300.tif
1,0,SAB/Shifting_cultivation-100-81-81_5500_3300-2019-12-01-2020-02-29.tif
0,1,null/81_8800_9800.tif
0,1,null/92_4500_3400.tif
0,1,null/60_2500_4600.tif
1,0,SAB/Shifting_cultivation-100-81-81_6000_2700-2019-12-01-2020-02-29.tif
0,1,null/81_7100_5800.tif
0,1,null/80_2200_2500.tif
1,0,SAB/Shifting_cultivation-100-81-81_4600_12500-2019-12-01-2020-02-29.tif
1,0,SAB/Shifting_cultivation-100-92-92_3800_4100-2019-12-01-2020-02-29.tif
1,0,SAB/Shifting_cultivation-100-52-52_1600_3700-2019-12-01-2020-02-29.tif
1,0,SAB/Shifting_cultivation-100-92-92_5300_2200-2019-12-01-2020-02-29.tif
0,1,null/60_2300_4800.tif
0,1,null/81_5900_5500.tif
0,1,null/99_700_200.tif
0,1,null/80_1500_3100.tif
0,1,null/50_3200_4200.tif
0,1,null/81_7500_8100.tif
0,1,null/50_1200_2700.tif
0,1,null/81_8400_6900.tif
0,1,null/91_1700_2700.tif
0,1,null/60_5900_9800.tif
0,1,null/81_3100_2400.tif
0,1,null/81_6200_8400.tif
0,1,null/81_4900_3600.tif
0,1,null/81_8200_5400.tif
1,0,SAB/Shifting_cultivation-100-51-51_1300_600-2019-12-01-2020-02-29.tif
1,0,SAB/Shifting_cultivation-100-81-81_6800_7000-2019-12-01-2020-02-29.tif
0,1,null/92_3600_3500.tif
1,0,SAB/Shifting_cultivation-100-92-92_5700_2400-2019-12-01-2020-02-29.tif
0,1,null/65_200_700.tif
1,0,SAB/Shifting_cultivation-100-101-101_2700_2400-2019-12-01-2020-02-29.tif
0,1,null/81_8200_2500.tif
0,1,null/50_2400_5800.tif
0,1,null/60_1200_1300.tif
0,1,null/81_8300_8600.tif
1,0,SAB/Shifting_cultivation-100-56-56_700_700-2019-12-01-2020-02-29.tif
1,0,SAB/Shifting_cultivation-100-101-101_700_1500-2019-12-01-2020-02-29.tif
0,1,null/79_500_600.tif
0,1,null/80_2500_3400.tif
0,1,null/79_1800_1100.tif
1,0,SAB/Shifting_cultivation-100-101-101_900_1800-2019-12-01-2020-02-29.tif
0,1,null/50_2200_4100.tif
0,1,null/81_4200_12900.tif
1,0,SAB/Shifting_cultivation-100-52-52_1100_700-2019-12-01-2020-02-29.tif
1,0,SAB/Shifting_cultivation-100-81-81_6400_3100-2019-12-01-2020-02-29.tif
1,0,SAB/Shifting_cultivation-100-81-81_6900_900-2019-12-01-2020-02-29.tif
0,1,null/67_2000_500.tif
0,1,null/81_3000_8500.tif
1,0,SAB/Shifting_cultivation-100-101-101_1600_3700-2019-12-01-2020-02-29.tif
0,1,null/57_4400_3000.tif
1,0,SAB/Shifting_cultivation-100-101-101_1300_3800-2019-12-01-2020-02-29.tif
1,0,SAB/Shifting_cultivation-100-49-49_1700_2200-2019-12-01-2020-02-29.tif
1,0,SAB/Shifting_cultivation-100-92-92_800_3500-2019-12-01-2020-02-29.tif
0,1,null/92_3100_4500.tif
1,0,SAB/Shifting_cultivation-100-101-101_1600_2900-2019-12-01-2020-02-29.tif
0,1,null/60_3400_5500.tif
0,1,null/57_600_1700.tif
1,0,SAB/Shifting_cultivation-100-81-81_5200_10600-2019-12-01-2020-02-29.tif
0,1,null/81_4400_12900.tif
1,0,SAB/Shifting_cultivation-100-81-81_6100_11900-2019-12-01-2020-02-29.tif
0,1,null/81_6100_6100.tif
0,1,null/81_7000_5100.tif
0,1,null/91_1000_1000.tif
1,0,SAB/Shifting_cultivation-100-92-92_5700_3500-2019-12-01-2020-02-29.tif
0,1,null/82_300_300.tif
0,1,ISL/ISL-100-91-91_1300_2900-2019-12-01-2020-02-29.tif
0,1,null/60_200_11400.tif
0,1,null/49_2600_3200.tif
1,0,SAB/Shifting_cultivation-100-56-56_1700_3500-2019-12-01-2020-02-29.tif
1,0,SAB/Shifting_cultivation-100-101-101_1700_3500-2019-12-01-2020-02-29.tif
1,0,SAB/Shifting_cultivation-100-49-49_1900_1500-2019-12-01-2020-02-29.tif
1,0,SAB/Shifting_cultivation-100-92-92_1900_2700-2019-12-01-2020-02-29.tif
0,1,null/81_3900_2600.tif
1,0,SAB/Shifting_cultivation-100-81-81_6300_11800-2019-12-01-2020-02-29.tif
0,1,null/82_1100_1500.tif
1,0,SAB/Shifting_cultivation-100-56-56_1100_2900-2019-12-01-2020-02-29.tif
1,0,SAB/Shifting_cultivation-100-81-81_6100_2400-2019-12-01-2020-02-29.tif
0,1,null/101_2900_3600.tif
0,1,null/60_5400_10400.tif
1,0,SAB/Shifting_cultivation-100-81-81_3400_8900-2019-12-01-2020-02-29.tif
1,0,SAB/Shifting_cultivation-100-52-52_1000_1400-2019-12-01-2020-02-29.tif
1,0,SAB/Shifting_cultivation-100-101-101_2000_300-2019-12-01-2020-02-29.tif
0,1,null/92_4300_4500.tif
1,0,SAB/Shifting_cultivation-100-101-101_1700_2200-2019-12-01-2020-02-29.tif
0,1,null/92_3200_1800.tif
0,1,null/50_1700_3900.tif
0,1,null/49_2200_3100.tif
1,0,SAB/Shifting_cultivation-100-81-81_5600_10000-2019-12-01-2020-02-29.tif
0,1,null/60_4600_8400.tif
0,1,null/81_5300_9900.tif
1,0,SAB/Shifting_cultivation-100-81-81_6800_2100-2019-12-01-2020-02-29.tif
1,0,SAB/Shifting_cultivation-100-92-92_700_3600-2019-12-01-2020-02-29.tif
0,1,null/81_4200_12200.tif
0,1,null/50_3100_2400.tif
1,0,SAB/Shifting_cultivation-100-81-81_8400_3900-2019-12-01-2020-02-29.tif
1,0,SAB/Shifting_cultivation-100-101-101_2400_3600-2019-12-01-2020-02-29.tif
1,0,SAB/Shifting_cultivation-100-52-52_800_600-2019-12-01-2020-02-29.tif
0,1,null/81_7900_8600.tif
0,1,null/81_7100_9200.tif
0,1,null/92_2700_4600.tif
0,1,null/81_8700_8100.tif
0,1,null/99_400_1500.tif
0,1,null/67_3400_3100.tif
1,0,SAB/Shifting_cultivation-100-81-81_4200_5000-2019-12-01-2020-02-29.tif
1,0,SAB/Shifting_cultivation-100-81-81_8200_5800-2019-12-01-2020-02-29.tif
0,1,null/60_5900_9700.tif
1,0,SAB/Shifting_cultivation-100-52-52_1000_1400-2019-12-01-2020-02-29.tif
0,1,null/57_3400_2600.tif
0,1,null/81_4200_11000.tif
0,1,null/81_3800_6200.tif
1,0,SAB/Shifting_cultivation-100-81-81_8800_4200-2019-12-01-2020-02-29.tif
0,1,null/56_600_4000.tif
0,1,null/81_8000_6200.tif
1,0,SAB/Shifting_cultivation-100-52-52_800_400-2019-12-01-2020-02-29.tif
0,1,null/50_1300_200.tif
1,0,SAB/Shifting_cultivation-100-101-101_2900_3700-2019-12-01-2020-02-29.tif
0,1,null/60_0_10200.tif
1,0,SAB/Shifting_cultivation-100-56-56_500_1000-2019-12-01-2020-02-29.tif
1,0,SAB/Shifting_cultivation-100-81-81_5200_12200-2019-12-01-2020-02-29.tif
1,0,SAB/Shifting_cultivation-100-101-101_900_1800-2019-12-01-2020-02-29.tif
1,0,SAB/Shifting_cultivation-100-81-81_5300_11400-2019-12-01-2020-02-29.tif
0,1,null/82_1800_1400.tif
1,0,SAB/Shifting_cultivation-100-81-81_4700_8500-2019-12-01-2020-02-29.tif
1,0,SAB/Shifting_cultivation-100-81-81_6600_1700-2019-12-01-2020-02-29.tif
1,0,SAB/Shifting_cultivation-100-52-52_1800_1100-2019-12-01-2020-02-29.tif
1,0,SAB/Shifting_cultivation-100-56-56_800_1300-2019-12-01-2020-02-29.tif
1,0,SAB/Shifting_cultivation-100-81-81_6300_2600-2019-12-01-2020-02-29.tif
0,1,null/81_9000_7700.tif
1,0,SAB/Shifting_cultivation-100-101-101_1800_700-2019-12-01-2020-02-29.tif
1,0,SAB/Shifting_cultivation-100-81-81_5000_12200-2019-12-01-2020-02-29.tif
0,1,null/81_8600_10200.tif
0,1,null/81_8900_9000.tif
1,0,SAB/Shifting_cultivation-100-101-101_800_2300-2019-12-01-2020-02-29.tif
0,1,null/81_8000_4000.tif
1,0,SAB/Shifting_cultivation-100-92-92_6500_2600-2019-12-01-2020-02-29.tif
0,1,null/81_8700_10200.tif
0,1,null/81_7200_5600.tif
0,1,null/81_3600_12200.tif
1,0,SAB/Shifting_cultivation-100-52-52_800_1800-2019-12-01-2020-02-29.tif
1,0,SAB/Shifting_cultivation-100-91-91_400_400-2019-12-01-2020-02-29.tif
0,1,null/56_1500_300.tif
1,0,SAB/Shifting_cultivation-100-81-81_7200_1000-2019-12-01-2020-02-29.tif
0,1,null/49_900_2400.tif
1,0,SAB/Shifting_cultivation-100-49-49_900_2900-2019-12-01-2020-02-29.tif
1,0,SAB/Shifting_cultivation-100-81-81_6900_1200-2019-12-01-2020-02-29.tif
0,1,null/60_2700_3700.tif
1,0,SAB/Shifting_cultivation-100-92-92_5300_2700-2019-12-01-2020-02-29.tif
1,0,SAB/Shifting_cultivation-100-52-52_2100_2100-2019-12-01-2020-02-29.tif
1,0,SAB/Shifting_cultivation-100-81-81_5700_3300-2019-12-01-2020-02-29.tif
0,1,null/81_4300_4700.tif
0,1,null/92_4300_4400.tif
0,1,null/49_1800_800.tif
1,0,SAB/Shifting_cultivation-100-81-81_5500_11500-2019-12-01-2020-02-29.tif
0,1,null/60_2300_900.tif
0,1,null/79_100_1100.tif
1,0,SAB/Shifting_cultivation-100-81-81_8600_4700-2019-12-01-2020-02-29.tif
0,1,null/91_1100_900.tif
0,1,null/60_400_0.tif
1,0,SAB/Shifting_cultivation-100-52-52_900_1500-2019-12-01-2020-02-29.tif
0,1,null/49_1600_800.tif
0,1,null/81_3700_7200.tif
1,0,SAB/Shifting_cultivation-100-81-81_5200_11000-2019-12-01-2020-02-29.tif
0,1,null/60_2600_1600.tif
0,1,null/81_3800_12800.tif
0,1,null/81_6400_7600.tif
1,0,SAB/Shifting_cultivation-100-49-49_1400_2700-2019-12-01-2020-02-29.tif
0,1,null/60_0_200.tif
0,1,null/101_2600_4400.tif
0,1,null/80_2600_2400.tif
1,0,SAB/Shifting_cultivation-100-81-81_6400_7300-2019-12-01-2020-02-29.tif
1,0,SAB/Shifting_cultivation-100-81-81_6300_3000-2019-12-01-2020-02-29.tif
0,1,null/67_3400_3800.tif
1,0,SAB/Shifting_cultivation-100-81-81_2800_8900-2019-12-01-2020-02-29.tif
0,1,null/67_1300_1900.tif
0,1,null/82_600_1400.tif
1,0,SAB/Shifting_cultivation-100-81-81_7100_1100-2019-12-01-2020-02-29.tif
0,1,null/81_4500_6100.tif
1,0,SAB/Shifting_cultivation-100-56-56_600_1500-2019-12-01-2020-02-29.tif
0,1,null/67_1700_2800.tif
1,0,SAB/Shifting_cultivation-100-81-81_8200_4600-2019-12-01-2020-02-29.tif
1,0,SAB/Shifting_cultivation-100-81-81_4900_5100-2019-12-01-2020-02-29.tif
1,0,SAB/Shifting_cultivation-100-81-81_5700_10000-2019-12-01-2020-02-29.tif
0,1,null/81_8000_2300.tif
1,0,SAB/Shifting_cultivation-100-52-52_2000_2900-2019-12-01-2020-02-29.tif
0,1,ISL/ISL-100-79-79_1000_900-2019-11-30-2020-02-28.tif
1,0,SAB/Shifting_cultivation-100-81-81_5700_6000-2019-12-01-2020-02-29.tif
0,1,null/81_4300_11800.tif
0,1,null/81_5600_11500.tif
0,1,null/50_2700_3700.tif
0,1,null/57_900_2600.tif
0,1,null/50_1100_2900.tif
0,1,null/81_7300_7800.tif
1,0,SAB/Shifting_cultivation-100-81-81_5400_6500-2019-12-01-2020-02-29.tif
1,0,SAB/Shifting_cultivation-100-56-56_1900_3900-2019-12-01-2020-02-29.tif
1,0,SAB/Shifting_cultivation-100-81-81_5200_8800-2019-12-01-2020-02-29.tif
1,0,SAB/Shifting_cultivation-100-92-92_2200_2500-2019-12-01-2020-02-29.tif
1,0,SAB/Shifting_cultivation-100-92-92_5000_2400-2019-12-01-2020-02-29.tif
1,0,SAB/Shifting_cultivation-100-52-52_1700_3900-2019-12-01-2020-02-29.tif
0,1,null/81_8400_2600.tif
1,0,SAB/Shifting_cultivation-100-81-81_8300_3900-2019-12-01-2020-02-29.tif
1,0,SAB/Shifting_cultivation-100-81-81_8100_5600-2019-12-01-2020-02-29.tif
0,1,null/67_2700_1800.tif
0,1,null/100_600_900.tif
0,1,null/92_5500_3600.tif
1,0,SAB/Shifting_cultivation-100-49-49_2000_1500-2019-12-01-2020-02-29.tif
1,0,SAB/Shifting_cultivation-100-52-52_1700_3700-2019-12-01-2020-02-29.tif
1,0,SAB/Shifting_cultivation-100-81-81_6500_11800-2019-12-01-2020-02-29.tif
0,1,ISL/ISL-100-91-91_800_900-2019-12-01-2020-02-29.tif
1,0,SAB/Shifting_cultivation-100-101-101_2900_3900-2019-12-01-2020-02-29.tif
1,0,SAB/Shifting_cultivation-100-81-81_6400_10000-2019-12-01-2020-02-29.tif
0,1,null/81_3900_6600.tif
1,0,SAB/Shifting_cultivation-100-101-101_1800_100-2019-12-01-2020-02-29.tif
0,1,null/56_2100_800.tif
1,0,SAB/Shifting_cultivation-100-51-51_1000_300-2019-12-01-2020-02-29.tif
0,1,null/81_7700_5600.tif
1,0,SAB/Shifting_cultivation-100-81-81_7400_5600-2019-12-01-2020-02-29.tif
0,1,null/60_600_500.tif
0,1,null/60_2400_2100.tif
1,0,SAB/Shifting_cultivation-100-81-81_2900_8800-2019-12-01-2020-02-29.tif
0,1,industrial_agriculture/Industrial_agriculture-100-49-49_2000_2200-2020-12-15-2021-03-15.tif
1,0,SAB/Shifting_cultivation-100-81-81_6000_2600-2019-12-01-2020-02-29.tif
0,1,ISL/ISL-100-100-100_800_100-2020-12-15-2021-03-15.tif
0,1,null/49_700_2100.tif
1,0,SAB/Shifting_cultivation-100-81-81_7200_6900-2019-12-01-2020-02-29.tif
0,1,null/49_2900_1000.tif
1,0,SAB/Shifting_cultivation-100-81-81_8400_3100-2019-12-01-2020-02-29.tif
1,0,SAB/Shifting_cultivation-100-52-52_2000_1600-2019-12-01-2020-02-29.tif
1,0,SAB/Shifting_cultivation-100-92-92_6800_2600-2019-12-01-2020-02-29.tif
1,0,SAB/Shifting_cultivation-100-56-56_1300_3500-2019-12-01-2020-02-29.tif
0,1,null/91_900_3100.tif
1,0,SAB/Shifting_cultivation-100-81-81_5400_9700-2019-12-01-2020-02-29.tif
1,0,SAB/Shifting_cultivation-100-52-52_1900_3900-2019-12-01-2020-02-29.tif
0,1,null/67_3200_2100.tif
1,0,SAB/Shifting_cultivation-100-101-101_1400_4200-2019-12-01-2020-02-29.tif
0,1,null/81_6100_11300.tif
0,1,ISL/ISL-100-65-65_700_600-2019-12-28-2020-03-27.tif
1,0,SAB/Shifting_cultivation-100-101-101_800_2900-2019-12-01-2020-02-29.tif
1,0,SAB/Shifting_cultivation-100-81-81_5400_9400-2019-12-01-2020-02-29.tif
1,0,SAB/Shifting_cultivation-100-101-101_800_700-2019-12-01-2020-02-29.tif
0,1,null/67_1400_2200.tif
0,1,null/60_900_11200.tif
1,0,SAB/Shifting_cultivation-100-81-81_5600_9100-2019-12-01-2020-02-29.tif
1,0,SAB/Shifting_cultivation-100-101-101_2600_2200-2019-12-01-2020-02-29.tif
1,0,SAB/Shifting_cultivation-100-81-81_5100_8400-2019-12-01-2020-02-29.tif
0,1,null/60_1900_1200.tif
1,0,SAB/Shifting_cultivation-100-52-52_1400_500-2019-12-01-2020-02-29.tif
0,1,null/82_2000_1600.tif
1,0,SAB/Shifting_cultivation-100-51-51_200_600-2019-12-01-2020-02-29.tif
0,1,null/81_5300_7000.tif
1,0,SAB/Shifting_cultivation-100-56-56_600_700-2019-12-01-2020-02-29.tif
1,0,SAB/Shifting_cultivation-100-92-92_1400_4800-2019-12-01-2020-02-29.tif
1,0,SAB/Shifting_cultivation-100-56-56_1300_3500-2019-12-01-2020-02-29.tif
0,1,null/81_6800_3200.tif
1,0,SAB/Shifting_cultivation-100-56-56_800_1700-2019-12-01-2020-02-29.tif
0,1,null/60_5000_8200.tif
0,1,null/81_5300_10300.tif
0,1,null/57_4400_200.tif
0,1,null/52_300_2100.tif
0,1,null/81_6300_10900.tif
0,1,null/92_3600_1500.tif
1,0,SAB/Shifting_cultivation-100-93-93_600_700-2019-12-01-2020-02-29.tif
1,0,SAB/Shifting_cultivation-100-81-81_8000_3000-2019-12-01-2020-02-29.tif
0,1,null/67_2500_400.tif
0,1,null/101_3000_3300.tif
1,0,SAB/Shifting_cultivation-100-81-81_4500_5000-2019-12-01-2020-02-29.tif
1,0,SAB/Shifting_cultivation-100-101-101_2700_3900-2019-12-01-2020-02-29.tif
0,1,null/81_4900_10100.tif
0,1,null/81_4100_8300.tif
0,1,null/92_1600_2500.tif
1,0,SAB/Shifting_cultivation-100-92-92_5400_3900-2019-12-01-2020-02-29.tif
1,0,SAB/Shifting_cultivation-100-81-81_8200_4100-2019-12-01-2020-02-29.tif
0,1,null/81_4400_8300.tif
1,0,SAB/Shifting_cultivation-100-81-81_6600_7000-2019-12-01-2020-02-29.tif
0,1,ISL/ISL-100-82-82_800_1800-2020-12-15-2021-03-15.tif
1,0,SAB/Shifting_cultivation-100-81-81_4800_12800-2019-12-01-2020-02-29.tif
1,0,SAB/Shifting_cultivation-100-92-92_5600_2300-2019-12-01-2020-02-29.tif
1,0,SAB/Shifting_cultivation-100-56-56_400_400-2019-12-01-2020-02-29.tif
0,1,null/81_4800_3400.tif
1,0,SAB/Shifting_cultivation-100-101-101_1900_0-2019-12-01-2020-02-29.tif
1,0,SAB/Shifting_cultivation-100-81-81_7400_5300-2019-12-01-2020-02-29.tif
1,0,SAB/Shifting_cultivation-100-81-81_4600_9600-2019-12-01-2020-02-29.tif
0,1,null/81_8000_6700.tif
0,1,null/81_3500_10400.tif
1,0,SAB/Shifting_cultivation-100-52-52_800_400-2019-12-01-2020-02-29.tif
0,1,null/67_1500_2700.tif
0,1,null/60_800_6800.tif
1,0,SAB/Shifting_cultivation-100-49-49_1900_2700-2019-12-01-2020-02-29.tif
0,1,ISL/ISL-100-54-54_400_200-2020-12-15-2021-03-15.tif
1,0,SAB/Shifting_cultivation-100-81-81_4900_12000-2019-12-01-2020-02-29.tif
1,0,SAB/Shifting_cultivation-100-81-81_5500_5900-2019-12-01-2020-02-29.tif
1,0,SAB/Shifting_cultivation-100-52-52_1800_3700-2019-12-01-2020-02-29.tif
0,1,null/92_4900_3400.tif
0,1,null/60_0_7200.tif
1,0,SAB/Shifting_cultivation-100-81-81_5900_4000-2019-12-01-2020-02-29.tif
0,1,null/49_1600_3500.tif
0,1,null/81_8300_2700.tif
1,0,SAB/Shifting_cultivation-100-56-56_400_200-2019-12-01-2020-02-29.tif
1,0,SAB/Shifting_cultivation-100-81-81_5400_11400-2019-12-01-2020-02-29.tif
1,0,SAB/Shifting_cultivation-100-81-81_5500_6000-2019-12-01-2020-02-29.tif
0,1,null/67_1600_800.tif
1,0,SAB/Shifting_cultivation-100-81-81_6400_2700-2019-12-01-2020-02-29.tif
0,1,null/67_2200_2500.tif
0,1,null/60_1000_1600.tif
0,1,null/49_3000_2100.tif
1,0,SAB/Shifting_cultivation-100-92-92_5400_1600-2019-12-01-2020-02-29.tif
1,0,SAB/Shifting_cultivation-100-81-81_5300_6400-2019-12-01-2020-02-29.tif
0,1,null/81_8100_4900.tif
1,0,SAB/Shifting_cultivation-100-92-92_7100_3500-2019-12-01-2020-02-29.tif
1,0,SAB/Shifting_cultivation-100-101-101_800_2300-2019-12-01-2020-02-29.tif
1,0,SAB/Shifting_cultivation-100-51-51_100_700-2019-12-01-2020-02-29.tif
1,0,SAB/Shifting_cultivation-100-101-101_500_1600-2019-12-01-2020-02-29.tif
1,0,SAB/Shifting_cultivation-100-49-49_2400_1300-2019-12-01-2020-02-29.tif
0,1,null/79_700_1600.tif
1,0,SAB/Shifting_cultivation-100-92-92_3900_4200-2019-12-01-2020-02-29.tif
1,0,SAB/Shifting_cultivation-100-92-92_3800_4100-2019-12-01-2020-02-29.tif
1,0,SAB/Shifting_cultivation-100-101-101_1600_2900-2019-12-01-2020-02-29.tif
0,1,null/67_2500_3300.tif
0,1,null/60_3800_5300.tif
0,1,null/80_2500_2900.tif
0,1,null/81_7500_4400.tif
0,1,null/50_3100_3400.tif
1,0,SAB/Shifting_cultivation-100-81-81_5200_11800-2019-12-01-2020-02-29.tif
0,1,null/67_1500_4100.tif
1,0,SAB/Shifting_cultivation-100-52-52_2100_2800-2019-12-01-2020-02-29.tif
0,1,null/49_2500_3000.tif
1,0,SAB/Shifting_cultivation-100-81-81_5700_3900-2019-12-01-2020-02-29.tif
1,0,SAB/Shifting_cultivation-100-81-81_5000_7900-2019-12-01-2020-02-29.tif
0,1,null/60_4400_6600.tif
0,1,null/60_2900_1600.tif
1,0,SAB/Shifting_cultivation-100-92-92_2900_4200-2019-12-01-2020-02-29.tif
0,1,null/56_200_900.tif
0,1,null/81_6300_6300.tif
1,0,SAB/Shifting_cultivation-100-52-52_1800_3100-2019-12-01-2020-02-29.tif
0,1,null/81_8400_10900.tif
1,0,SAB/Shifting_cultivation-100-81-81_5300_6700-2019-12-01-2020-02-29.tif
0,1,null/81_6400_8800.tif
0,1,null/81_4800_4000.tif
0,1,null/81_3800_10200.tif
1,0,SAB/Shifting_cultivation-100-49-49_2600_1600-2019-12-01-2020-02-29.tif
1,0,SAB/Shifting_cultivation-100-51-51_900_600-2019-12-01-2020-02-29.tif
1,0,SAB/Shifting_cultivation-100-52-52_1000_3100-2019-12-01-2020-02-29.tif
0,1,null/60_800_7800.tif
0,1,null/92_4900_3200.tif
1,0,SAB/Shifting_cultivation-100-52-52_2100_2700-2019-12-01-2020-02-29.tif
0,1,null/60_700_9000.tif
0,1,null/60_2500_1800.tif
1,0,SAB/Shifting_cultivation-100-81-81_5000_12700-2019-12-01-2020-02-29.tif
1,0,SAB/Shifting_cultivation-100-81-81_8400_3600-2019-12-01-2020-02-29.tif
0,1,null/81_5500_12100.tif
0,1,null/60_800_8800.tif
0,1,null/81_3900_12100.tif
0,1,null/60_2200_1600.tif
0,1,null/81_6600_10400.tif
1,0,SAB/Shifting_cultivation-100-52-52_900_1800-2019-12-01-2020-02-29.tif
1,0,SAB/Shifting_cultivation-100-52-52_2100_3000-2019-12-01-2020-02-29.tif
1,0,SAB/Shifting_cultivation-100-92-92_6700_3400-2019-12-01-2020-02-29.tif
0,1,null/81_7700_4300.tif
0,1,null/67_3100_4200.tif
0,1,null/60_400_8500.tif
1,0,SAB/Shifting_cultivation-100-49-49_2500_2100-2019-12-01-2020-02-29.tif
0,1,null/60_3500_5700.tif
0,1,null/81_3600_1500.tif
0,1,null/81_7600_9200.tif
0,1,null/101_1200_400.tif
0,1,null/81_6800_11100.tif
1,0,SAB/Shifting_cultivation-100-52-52_1600_1200-2019-12-01-2020-02-29.tif
1,0,SAB/Shifting_cultivation-100-81-81_8000_5400-2019-12-01-2020-02-29.tif
0,1,null/60_600_0.tif
0,1,null/50_2600_5600.tif
1,0,SAB/Shifting_cultivation-100-92-92_6600_3600-2019-12-01-2020-02-29.tif
0,1,null/60_4500_6600.tif
1,0,SAB/Shifting_cultivation-100-81-81_4700_9700-2019-12-01-2020-02-29.tif
0,1,null/49_1000_3300.tif
0,1,null/99_700_1400.tif
0,1,null/60_4600_7900.tif
0,1,null/60_800_1200.tif
0,1,null/49_1200_1300.tif
1,0,SAB/Shifting_cultivation-100-92-92_5800_2400-2019-12-01-2020-02-29.tif
1,0,SAB/Shifting_cultivation-100-81-81_5700_5900-2019-12-01-2020-02-29.tif
1,0,SAB/Shifting_cultivation-100-56-56_200_300-2019-12-01-2020-02-29.tif
0,1,null/60_3000_4800.tif
1,0,SAB/Shifting_cultivation-100-49-49_1900_1600-2019-12-01-2020-02-29.tif
1,0,SAB/Shifting_cultivation-100-81-81_6800_6800-2019-12-01-2020-02-29.tif
0,1,null/60_400_8600.tif
1,0,SAB/Shifting_cultivation-100-52-52_1300_900-2019-12-01-2020-02-29.tif
0,1,null/81_6200_8000.tif
1,0,SAB/Shifting_cultivation-100-56-56_800_1900-2019-12-01-2020-02-29.tif
0,1,null/81_8700_9700.tif
0,1,null/81_7700_6900.tif
0,1,null/81_6600_3100.tif
1,0,SAB/Shifting_cultivation-100-101-101_1200_1200-2019-12-01-2020-02-29.tif
1,0,SAB/Shifting_cultivation-100-52-52_2100_2700-2019-12-01-2020-02-29.tif
0,1,null/50_600_800.tif
0,1,null/67_3400_4200.tif
0,1,null/91_1200_1300.tif
0,1,null/67_3200_2600.tif
1,0,SAB/Shifting_cultivation-100-101-101_2400_2600-2019-12-01-2020-02-29.tif
0,1,null/81_4400_11000.tif
1,0,SAB/Shifting_cultivation-100-101-101_2000_3500-2019-12-01-2020-02-29.tif
0,1,null/91_1700_400.tif
0,1,null/60_400_3700.tif
0,1,null/67_2200_4200.tif
0,1,null/92_3600_4500.tif
1,0,SAB/Shifting_cultivation-100-92-92_5600_1900-2019-12-01-2020-02-29.tif
0,1,null/81_7900_7100.tif
0,1,null/60_4100_7100.tif
0,1,null/60_5300_8000.tif
0,1,null/57_400_2300.tif
1,0,SAB/Shifting_cultivation-100-81-81_7300_6800-2019-12-01-2020-02-29.tif
1,0,SAB/Shifting_cultivation-100-52-52_1400_1000-2019-12-01-2020-02-29.tif
1,0,SAB/Shifting_cultivation-100-101-101_900_2000-2019-12-01-2020-02-29.tif
0,1,null/92_2600_4400.tif
0,1,null/81_8000_7200.tif
0,1,null/50_2400_3200.tif
1,0,SAB/Shifting_cultivation-100-92-92_5900_3400-2019-12-01-2020-02-29.tif
0,1,null/67_2300_4000.tif
0,1,null/60_2900_2100.tif
0,1,null/81_3700_11300.tif
1,0,SAB/Shifting_cultivation-100-81-81_5600_2500-2019-12-01-2020-02-29.tif
1,0,SAB/Shifting_cultivation-100-81-81_5700_6500-2019-12-01-2020-02-29.tif
1,0,SAB/Shifting_cultivation-100-91-91_1500_500-2019-12-01-2020-02-29.tif
1,0,SAB/Shifting_cultivation-100-92-92_6800_2600-2019-12-01-2020-02-29.tif
1,0,SAB/Shifting_cultivation-100-81-81_5100_11600-2019-12-01-2020-02-29.tif
0,1,null/81_8100_10500.tif
1,0,SAB/Shifting_cultivation-100-92-92_5900_3300-2019-12-01-2020-02-29.tif
1,0,SAB/Shifting_cultivation-100-56-56_2200_4500-2019-12-01-2020-02-29.tif
1,0,SAB/Shifting_cultivation-100-101-101_1700_3400-2019-12-01-2020-02-29.tif
1,0,SAB/Shifting_cultivation-100-81-81_5000_8500-2019-12-01-2020-02-29.tif
1,0,SAB/Shifting_cultivation-100-51-51_500_300-2019-12-01-2020-02-29.tif
1,0,SAB/Shifting_cultivation-100-52-52_1100_3100-2019-12-01-2020-02-29.tif
1,0,SAB/Shifting_cultivation-100-52-52_1800_3300-2019-12-01-2020-02-29.tif
0,1,null/81_8600_10600.tif
0,1,null/60_2100_2300.tif
1,0,SAB/Shifting_cultivation-100-49-49_900_1500-2019-12-01-2020-02-29.tif
0,1,null/81_5500_8000.tif
1,0,SAB/Shifting_cultivation-100-101-101_1000_2100-2019-12-01-2020-02-29.tif
0,1,null/92_4800_2500.tif
0,1,null/60_2600_3300.tif
0,1,null/80_1500_4300.tif
0,1,null/91_1100_400.tif
1,0,SAB/Shifting_cultivation-100-81-81_5400_3800-2019-12-01-2020-02-29.tif
1,0,SAB/Shifting_cultivation-100-81-81_6200_7400-2019-12-01-2020-02-29.tif
0,1,null/81_5100_3700.tif
1,0,SAB/Shifting_cultivation-100-81-81_7900_3000-2019-12-01-2020-02-29.tif
1,0,SAB/Shifting_cultivation-100-81-81_5400_3900-2019-12-01-2020-02-29.tif
0,1,null/92_2400_4000.tif
1,0,SAB/Shifting_cultivation-100-101-101_2000_1300-2019-12-01-2020-02-29.tif
1,0,SAB/Shifting_cultivation-100-92-92_5400_2300-2019-12-01-2020-02-29.tif
0,1,industrial_agriculture/Industrial_agriculture-100-49-49_1800_2100-2020-12-15-2021-03-15.tif
0,1,null/101_1900_4500.tif
1,0,SAB/Shifting_cultivation-100-49-49_1800_1700-2019-12-01-2020-02-29.tif
0,1,null/50_2600_3800.tif
0,1,null/50_3300_4000.tif
0,1,null/81_4800_7100.tif
0,1,null/60_5300_10400.tif
1,0,SAB/Shifting_cultivation-100-101-101_900_1000-2019-12-01-2020-02-29.tif
1,0,SAB/Shifting_cultivation-100-81-81_8200_3800-2019-12-01-2020-02-29.tif
0,1,null/60_3000_1900.tif
0,1,null/50_1800_2300.tif
1,0,SAB/Shifting_cultivation-100-101-101_900_1000-2019-12-01-2020-02-29.tif
1,0,SAB/Shifting_cultivation-100-92-92_6600_3600-2019-12-01-2020-02-29.tif
0,1,null/93_400_1100.tif
0,1,null/81_4900_1700.tif
1,0,SAB/Shifting_cultivation-100-101-101_2200_3800-2019-12-01-2020-02-29.tif
0,1,null/80_3100_1700.tif
0,1,null/81_8700_9600.tif
1,0,SAB/Shifting_cultivation-100-81-81_7100_1500-2019-12-01-2020-02-29.tif
0,1,null/49_3300_1000.tif
1,0,SAB/Shifting_cultivation-100-81-81_5600_3900-2019-12-01-2020-02-29.tif
1,0,SAB/Shifting_cultivation-100-56-56_600_1300-2019-12-01-2020-02-29.tif
0,1,null/101_2100_3400.tif
1,0,SAB/Shifting_cultivation-100-81-81_7000_800-2019-12-01-2020-02-29.tif
1,0,SAB/Shifting_cultivation-100-92-92_4900_4100-2019-12-01-2020-02-29.tif
1,0,SAB/Shifting_cultivation-100-101-101_1600_3600-2019-12-01-2020-02-29.tif
0,1,null/81_7300_8900.tif
1,0,SAB/Shifting_cultivation-100-81-81_7900_10700-2019-12-01-2020-02-29.tif
1,0,SAB/Shifting_cultivation-100-81-81_5800_9800-2019-12-01-2020-02-29.tif
1,0,SAB/Shifting_cultivation-100-81-81_8400_3500-2019-12-01-2020-02-29.tif
0,1,null/81_8500_8100.tif
0,1,null/67_3500_6200.tif
1,0,SAB/Shifting_cultivation-100-49-49_1600_2400-2019-12-01-2020-02-29.tif
0,1,null/49_2200_2000.tif
0,1,industrial_agriculture/Industrial_agriculture-100-52-52_1300_2500-2020-12-15-2021-03-15.tif
0,1,null/81_8800_4700.tif
1,0,SAB/Shifting_cultivation-100-52-52_700_500-2019-12-01-2020-02-29.tif
1,0,SAB/Shifting_cultivation-100-51-51_200_500-2019-12-01-2020-02-29.tif
0,1,null/81_8800_6600.tif
1,0,SAB/Shifting_cultivation-100-52-52_600_900-2019-12-01-2020-02-29.tif
0,1,null/81_7200_4000.tif
1,0,SAB/Shifting_cultivation-100-52-52_700_1100-2019-12-01-2020-02-29.tif
0,1,null/92_1200_4000.tif
0,1,null/80_2600_2100.tif
1,0,SAB/Shifting_cultivation-100-52-52_2100_3000-2019-12-01-2020-02-29.tif
1,0,SAB/Shifting_cultivation-100-81-81_6300_11500-2019-12-01-2020-02-29.tif
0,1,null/92_5200_3300.tif
0,1,null/56_500_3400.tif
0,1,null/81_6600_4000.tif
0,1,null/67_1400_1800.tif
0,1,null/60_900_7800.tif
0,1,null/81_6600_8200.tif
1,0,SAB/Shifting_cultivation-100-49-49_2700_1800-2019-12-01-2020-02-29.tif
1,0,SAB/Shifting_cultivation-100-56-56_1400_3100-2019-12-01-2020-02-29.tif
1,0,SAB/Shifting_cultivation-100-56-56_1800_4000-2019-12-01-2020-02-29.tif
1,0,SAB/Shifting_cultivation-100-81-81_6900_1600-2019-12-01-2020-02-29.tif
0,1,null/60_500_4600.tif
0,1,null/50_1900_4700.tif
1,0,SAB/Shifting_cultivation-100-81-81_4600_12400-2019-12-01-2020-02-29.tif
0,1,null/81_9200_2700.tif
1,0,SAB/Shifting_cultivation-100-52-52_800_800-2019-12-01-2020-02-29.tif
0,1,null/92_6000_4000.tif
0,1,null/81_9100_3600.tif
1,0,SAB/Shifting_cultivation-100-92-92_4900_3100-2019-12-01-2020-02-29.tif
0,1,null/92_3700_1500.tif
0,1,null/92_4500_4600.tif
1,0,SAB/Shifting_cultivation-100-81-81_5200_11700-2019-12-01-2020-02-29.tif
1,0,SAB/Shifting_cultivation-100-52-52_1600_2500-2019-12-01-2020-02-29.tif
1,0,SAB/Shifting_cultivation-100-49-49_1400_1100-2019-12-01-2020-02-29.tif
1,0,SAB/Shifting_cultivation-100-52-52_800_1500-2019-12-01-2020-02-29.tif
0,1,null/80_2400_3100.tif
1,0,SAB/Shifting_cultivation-100-81-81_5500_11400-2019-12-01-2020-02-29.tif
1,0,SAB/Shifting_cultivation-100-92-92_6400_3600-2019-12-01-2020-02-29.tif
1,0,SAB/Shifting_cultivation-100-81-81_5700_9900-2019-12-01-2020-02-29.tif
1,0,SAB/Shifting_cultivation-100-92-92_5100_2500-2019-12-01-2020-02-29.tif
0,1,null/67_300_6400.tif
1,0,SAB/Shifting_cultivation-100-81-81_7600_11100-2019-12-01-2020-02-29.tif
0,1,null/50_1700_4300.tif
1,0,SAB/Shifting_cultivation-100-81-81_7600_5300-2019-12-01-2020-02-29.tif
0,1,null/60_2200_2900.tif
1,0,SAB/Shifting_cultivation-100-81-81_5500_6400-2019-12-01-2020-02-29.tif
0,1,null/56_2300_1300.tif
1,0,SAB/Shifting_cultivation-100-52-52_300_600-2019-12-01-2020-02-29.tif
0,1,null/81_5800_8600.tif
0,1,null/60_5400_8600.tif
0,1,null/81_4400_9400.tif
0,1,null/101_1500_900.tif
1,0,SAB/Shifting_cultivation-100-81-81_6500_2100-2019-12-01-2020-02-29.tif
1,0,SAB/Shifting_cultivation-100-52-52_1200_3600-2019-12-01-2020-02-29.tif
0,1,null/82_1600_2400.tif
1,0,SAB/Shifting_cultivation-100-81-81_8300_3600-2019-12-01-2020-02-29.tif
0,1,null/67_3700_4400.tif
1,0,SAB/Shifting_cultivation-100-81-81_4900_7700-2019-12-01-2020-02-29.tif
0,1,null/57_2600_2500.tif
0,1,null/81_6600_7300.tif
0,1,null/80_3000_2800.tif
0,1,null/67_3300_500.tif
0,1,null/57_1500_2600.tif
1,0,SAB/Shifting_cultivation-100-52-52_1600_3100-2019-12-01-2020-02-29.tif
0,1,null/81_4000_11900.tif
0,1,null/60_5700_10400.tif
0,1,null/67_2700_6000.tif
0,1,null/81_7200_5200.tif
1,0,SAB/Shifting_cultivation-100-101-101_1800_3600-2019-12-01-2020-02-29.tif
0,1,ISL/ISL-100-62-62_600_800-2019-12-13-2020-03-12.tif
1,0,SAB/Shifting_cultivation-100-49-49_1700_2400-2019-12-01-2020-02-29.tif
1,0,SAB/Shifting_cultivation-100-49-49_2000_1300-2019-12-01-2020-02-29.tif
1,0,SAB/Shifting_cultivation-100-101-101_900_400-2019-12-01-2020-02-29.tif
1,0,SAB/Shifting_cultivation-100-81-81_7600_11100-2019-12-01-2020-02-29.tif
0,1,null/50_2300_4500.tif
0,1,null/81_6800_5000.tif
1,0,SAB/Shifting_cultivation-100-81-81_8000_10800-2019-12-01-2020-02-29.tif
1,0,SAB/Shifting_cultivation-100-56-56_1200_2900-2019-12-01-2020-02-29.tif
0,1,ISL/ISL-100-99-99_900_500-2020-12-15-2021-03-15.tif
0,1,null/81_8100_1400.tif
0,1,null/81_8300_8700.tif
0,1,null/50_1500_2700.tif
0,1,null/92_4900_4500.tif
0,1,null/81_7200_4100.tif
1,0,SAB/Shifting_cultivation-100-81-81_7600_6400-2019-12-01-2020-02-29.tif
1,0,SAB/Shifting_cultivation-100-81-81_8100_5900-2019-12-01-2020-02-29.tif
0,1,null/80_3100_2900.tif
0,1,null/60_200_9900.tif
1,0,SAB/Shifting_cultivation-100-51-51_1100_300-2019-12-01-2020-02-29.tif
1,0,SAB/Shifting_cultivation-100-92-92_4900_3000-2019-12-01-2020-02-29.tif
1,0,SAB/Shifting_cultivation-100-52-52_700_500-2019-12-01-2020-02-29.tif
0,1,null/57_3300_2600.tif
0,1,null/80_2000_2000.tif
0,1,null/60_500_8000.tif
0,1,null/50_2100_4800.tif
0,1,null/67_1900_5800.tif
1,0,SAB/Shifting_cultivation-100-49-49_2500_1900-2019-12-01-2020-02-29.tif
1,0,SAB/Shifting_cultivation-100-92-92_5500_4000-2019-12-01-2020-02-29.tif
1,0,SAB/Shifting_cultivation-100-101-101_700_800-2019-12-01-2020-02-29.tif
0,1,null/92_1300_4500.tif
1,0,SAB/Shifting_cultivation-100-92-92_3000_4400-2019-12-01-2020-02-29.tif
1,0,SAB/Shifting_cultivation-100-81-81_6400_9900-2019-12-01-2020-02-29.tif
1,0,SAB/Shifting_cultivation-100-81-81_4900_10400-2019-12-01-2020-02-29.tif
0,1,null/81_8200_7900.tif
1,0,SAB/Shifting_cultivation-100-92-92_6000_2400-2019-12-01-2020-02-29.tif
0,1,null/81_5300_2400.tif
0,1,null/73_500_100.tif
0,1,ISL/ISL-100-79-79_700_900-2019-11-30-2020-02-28.tif
0,1,null/81_5800_4100.tif
0,1,null/91_1000_200.tif
1,0,SAB/Shifting_cultivation-100-81-81_5400_11200-2019-12-01-2020-02-29.tif
1,0,SAB/Shifting_cultivation-100-52-52_500_600-2019-12-01-2020-02-29.tif
0,1,null/81_8700_8500.tif
0,1,null/81_3900_9200.tif
1,0,SAB/Shifting_cultivation-100-101-101_1400_3600-2019-12-01-2020-02-29.tif
0,1,null/50_1000_2300.tif
0,1,null/60_300_7500.tif
1,0,SAB/Shifting_cultivation-100-81-81_5300_8600-2019-12-01-2020-02-29.tif
0,1,null/81_6400_3700.tif
1,0,SAB/Shifting_cultivation-100-101-101_2400_3000-2019-12-01-2020-02-29.tif
0,1,null/57_600_2100.tif
0,1,null/50_3000_6600.tif
0,1,null/60_6000_9700.tif
0,1,null/93_100_500.tif
0,1,null/92_5400_2700.tif
0,1,null/60_1800_2900.tif
1,0,SAB/Shifting_cultivation-100-81-81_5800_6500-2019-12-01-2020-02-29.tif
0,1,null/92_2500_3400.tif
1,0,SAB/Shifting_cultivation-100-81-81_4900_7900-2019-12-01-2020-02-29.tif
1,0,SAB/Shifting_cultivation-100-52-52_1800_3400-2019-12-01-2020-02-29.tif
1,0,SAB/Shifting_cultivation-100-81-81_7700_6300-2019-12-01-2020-02-29.tif
0,1,null/56_1900_700.tif
0,1,null/101_3300_4000.tif
0,1,null/92_4400_3300.tif
0,1,null/81_7300_3300.tif
1,0,SAB/Shifting_cultivation-100-81-81_6500_7300-2019-12-01-2020-02-29.tif
1,0,SAB/Shifting_cultivation-100-52-52_1100_400-2019-12-01-2020-02-29.tif
0,1,null/93_800_600.tif
0,1,null/50_2800_2300.tif
0,1,null/80_2600_1900.tif
1,0,SAB/Shifting_cultivation-100-81-81_6500_11800-2019-12-01-2020-02-29.tif
1,0,SAB/Shifting_cultivation-100-49-49_2400_1600-2019-12-01-2020-02-29.tif
0,1,null/92_1300_5000.tif
1,0,SAB/Shifting_cultivation-100-101-101_2500_2200-2019-12-01-2020-02-29.tif
1,0,SAB/Shifting_cultivation-100-92-92_5600_2300-2019-12-01-2020-02-29.tif
1,0,SAB/Shifting_cultivation-100-56-56_1500_3100-2019-12-01-2020-02-29.tif
0,1,null/81_8200_1800.tif
0,1,null/81_3600_1900.tif
1,0,SAB/Shifting_cultivation-100-81-81_3000_9200-2019-12-01-2020-02-29.tif
0,1,null/81_5200_4300.tif
1,0,SAB/Shifting_cultivation-100-81-81_5400_3900-2019-12-01-2020-02-29.tif
1,0,SAB/Shifting_cultivation-100-81-81_7400_6600-2019-12-01-2020-02-29.tif
1,0,SAB/Shifting_cultivation-100-81-81_5200_12300-2019-12-01-2020-02-29.tif
0,1,null/101_2100_3600.tif
0,1,null/56_800_3800.tif
1,0,SAB/Shifting_cultivation-100-81-81_6400_2100-2019-12-01-2020-02-29.tif
0,1,null/100_600_1000.tif
0,1,null/81_3700_12800.tif
0,1,null/60_2500_2000.tif
0,1,null/67_700_6500.tif
0,1,null/92_4600_4500.tif
1,0,SAB/Shifting_cultivation-100-81-81_7200_1400-2019-12-01-2020-02-29.tif
0,1,null/92_2200_4100.tif
0,1,null/91_1500_1600.tif
1,0,SAB/Shifting_cultivation-100-52-52_1400_900-2019-12-01-2020-02-29.tif
0,1,null/60_1700_1500.tif
1,0,SAB/Shifting_cultivation-100-81-81_6700_1400-2019-12-01-2020-02-29.tif
0,1,null/92_7000_2900.tif
0,1,null/67_1200_1500.tif
0,1,null/92_3700_1400.tif
1,0,SAB/Shifting_cultivation-100-81-81_5800_6800-2019-12-01-2020-02-29.tif
0,1,null/81_7500_9900.tif
0,1,null/81_6900_6100.tif
1,0,SAB/Shifting_cultivation-100-101-101_1900_3000-2019-12-01-2020-02-29.tif
0,1,null/60_2900_2900.tif
1,0,SAB/Shifting_cultivation-100-52-52_1900_2300-2019-12-01-2020-02-29.tif
1,0,SAB/Shifting_cultivation-100-101-101_1800_1600-2019-12-01-2020-02-29.tif
1,0,SAB/Shifting_cultivation-100-56-56_1300_3100-2019-12-01-2020-02-29.tif
0,1,null/101_3000_3500.tif
0,1,null/60_300_9700.tif
1,0,SAB/Shifting_cultivation-100-52-52_900_1500-2019-12-01-2020-02-29.tif
0,1,null/50_3300_3900.tif
0,1,null/67_3100_2800.tif
0,1,null/67_1900_4700.tif
0,1,null/81_7300_8200.tif
1,0,SAB/Shifting_cultivation-100-52-52_800_1200-2019-12-01-2020-02-29.tif
1,0,SAB/Shifting_cultivation-100-52-52_1000_600-2019-12-01-2020-02-29.tif
1,0,SAB/Shifting_cultivation-100-81-81_4300_5000-2019-12-01-2020-02-29.tif
0,1,null/81_5100_5300.tif
0,1,industrial_agriculture/Industrial_agriculture-100-49-49_2300_2200-2020-12-15-2021-03-15.tif
0,1,null/81_3500_1600.tif
0,1,null/82_1800_600.tif
1,0,SAB/Shifting_cultivation-100-52-52_600_400-2019-12-01-2020-02-29.tif
0,1,null/81_8000_10000.tif
1,0,SAB/Shifting_cultivation-100-81-81_3000_9200-2019-12-01-2020-02-29.tif
1,0,SAB/Shifting_cultivation-100-52-52_800_400-2019-12-01-2020-02-29.tif
0,1,null/67_2300_2200.tif
0,1,null/92_800_2800.tif
0,1,null/81_7800_3400.tif
1,0,SAB/Shifting_cultivation-100-92-92_5700_1900-2019-12-01-2020-02-29.tif
0,1,null/92_3700_1800.tif
1,0,SAB/Shifting_cultivation-100-101-101_2300_2000-2019-12-01-2020-02-29.tif
0,1,null/101_900_3200.tif
1,0,SAB/Shifting_cultivation-100-101-101_2100_1800-2019-12-01-2020-02-29.tif
0,1,null/81_4000_7700.tif
0,1,null/50_2200_1300.tif
0,1,null/60_500_7700.tif
0,1,null/81_6000_6500.tif
0,1,null/81_6700_2500.tif
1,0,SAB/Shifting_cultivation-100-92-92_3000_4000-2019-12-01-2020-02-29.tif
0,1,null/79_1800_1900.tif
0,1,null/67_3400_5000.tif
0,1,null/79_1900_1200.tif
1,0,SAB/Shifting_cultivation-100-81-81_3300_9200-2019-12-01-2020-02-29.tif
1,0,SAB/Shifting_cultivation-100-52-52_1000_3100-2019-12-01-2020-02-29.tif
0,1,null/67_1700_2200.tif
0,1,null/60_700_7800.tif
1,0,SAB/Shifting_cultivation-100-101-101_1700_4000-2019-12-01-2020-02-29.tif
1,0,SAB/Shifting_cultivation-100-101-101_2100_2800-2019-12-01-2020-02-29.tif
1,0,SAB/Shifting_cultivation-100-52-52_1600_3600-2019-12-01-2020-02-29.tif
1,0,SAB/Shifting_cultivation-100-81-81_5300_10200-2019-12-01-2020-02-29.tif
0,1,null/81_6400_3300.tif
1,0,SAB/Shifting_cultivation-100-52-52_700_600-2019-12-01-2020-02-29.tif
1,0,SAB/Shifting_cultivation-100-81-81_6800_2100-2019-12-01-2020-02-29.tif
0,1,null/56_1900_100.tif
0,1,null/60_5500_10400.tif
1,0,SAB/Shifting_cultivation-100-81-81_5900_2600-2019-12-01-2020-02-29.tif
0,1,null/60_3900_7200.tif
1,0,SAB/Shifting_cultivation-100-101-101_1600_4000-2019-12-01-2020-02-29.tif
0,1,null/81_7300_2900.tif
1,0,SAB/Shifting_cultivation-100-52-52_800_1100-2019-12-01-2020-02-29.tif
0,1,null/60_2800_3800.tif
0,1,null/67_4000_6100.tif
0,1,null/49_3700_1200.tif
1,0,SAB/Shifting_cultivation-100-49-49_1800_1100-2019-12-01-2020-02-29.tif
0,1,null/67_2200_5500.tif
0,1,null/81_3100_10400.tif
0,1,null/67_1800_3600.tif
1,0,SAB/Shifting_cultivation-100-52-52_1900_2300-2019-12-01-2020-02-29.tif
0,1,null/67_3400_2300.tif
0,1,null/60_3300_5900.tif
0,1,null/52_0_2000.tif
1,0,SAB/Shifting_cultivation-100-52-52_1600_3300-2019-12-01-2020-02-29.tif
0,1,null/60_2500_4000.tif
1,0,SAB/Shifting_cultivation-100-56-56_1300_3500-2019-12-01-2020-02-29.tif
1,0,SAB/Shifting_cultivation-100-52-52_2000_1800-2019-12-01-2020-02-29.tif
1,0,SAB/Shifting_cultivation-100-101-101_800_1000-2019-12-01-2020-02-29.tif
1,0,SAB/Shifting_cultivation-100-92-92_2800_2700-2019-12-01-2020-02-29.tif
1,0,SAB/Shifting_cultivation-100-49-49_700_1500-2019-12-01-2020-02-29.tif
0,1,null/60_3800_7000.tif
0,1,ISL/ISL-100-82-82_1400_1500-2020-12-15-2021-03-15.tif
1,0,SAB/Shifting_cultivation-100-81-81_8000_10700-2019-12-01-2020-02-29.tif
1,0,SAB/Shifting_cultivation-100-101-101_2100_2800-2019-12-01-2020-02-29.tif
1,0,SAB/Shifting_cultivation-100-92-92_3100_3900-2019-12-01-2020-02-29.tif
1,0,SAB/Shifting_cultivation-100-92-92_4700_4200-2019-12-01-2020-02-29.tif
0,1,null/92_6900_2400.tif
1,0,SAB/Shifting_cultivation-100-52-52_1600_700-2019-12-01-2020-02-29.tif
0,1,null/50_1900_4500.tif
0,1,null/101_1400_4400.tif
0,1,null/57_3100_2900.tif
0,1,null/81_6900_9900.tif
0,1,null/82_1200_700.tif
1,0,SAB/Shifting_cultivation-100-81-81_5200_12400-2019-12-01-2020-02-29.tif
0,1,null/57_1000_1800.tif
0,1,null/101_3200_3900.tif
0,1,null/81_6800_700.tif
0,1,null/92_800_4200.tif
1,0,SAB/Shifting_cultivation-100-52-52_1000_1500-2019-12-01-2020-02-29.tif
1,0,SAB/Shifting_cultivation-100-81-81_3600_9400-2019-12-01-2020-02-29.tif
0,1,null/92_4200_4000.tif
1,0,SAB/Shifting_cultivation-100-101-101_900_2000-2019-12-01-2020-02-29.tif
1,0,SAB/Shifting_cultivation-100-81-81_6400_10400-2019-12-01-2020-02-29.tif
1,0,SAB/Shifting_cultivation-100-56-56_1000_2100-2019-12-01-2020-02-29.tif
0,1,null/81_8200_7300.tif
0,1,null/80_1700_1700.tif
1,0,SAB/Shifting_cultivation-100-81-81_3400_8400-2019-12-01-2020-02-29.tif
1,0,SAB/Shifting_cultivation-100-101-101_1300_1300-2019-12-01-2020-02-29.tif
0,1,null/60_700_200.tif
0,1,null/50_2600_2200.tif
1,0,SAB/Shifting_cultivation-100-92-92_6200_2500-2019-12-01-2020-02-29.tif
0,1,null/52_200_2500.tif
1,0,SAB/Shifting_cultivation-100-81-81_7100_6800-2019-12-01-2020-02-29.tif
1,0,SAB/Shifting_cultivation-100-52-52_500_400-2019-12-01-2020-02-29.tif
0,1,null/57_500_1800.tif
1,0,SAB/Shifting_cultivation-100-101-101_2000_2600-2019-12-01-2020-02-29.tif
1,0,SAB/Shifting_cultivation-100-81-81_8300_3000-2019-12-01-2020-02-29.tif
1,0,SAB/Shifting_cultivation-100-49-49_1900_3200-2019-12-01-2020-02-29.tif
0,1,null/67_3400_4600.tif
