image,quality?,center-lat,center-long,polygon,zoom,country,concession,added on,revised on,area (km2),tile date,tile AWS path,URL,Comments,Labels,,,,,Labels combined
1,N,5.77459,9.16861,"{""type"":""Polygon"",""coordinates"":[[[9.088783,5.753152],[9.179249,5.703106],[9.248257,5.792946],[9.236069,5.845887],[9.090672,5.844009],[9.088783,5.753152]]]}",@1000m,Cameroon,11-003,5-Oct-20,N/A,207.84,25-Jan-20,s3://sentinel-s2-l2a/tiles/32/N/NM/2020/1/25/0/,https://apps.sentinel-hub.com/eo-browser/?zoom=13&lat=5.77459&lng=9.16861&themeId=DEFAULT-THEME&datasetId=S2L2A&fromTime=2020-01-25T00%3A00%3A00.000Z&toTime=2020-01-25T23%3A59%3A59.999Z&layerId=1_TRUE_COLOR&visualizationUrl=https%3A%2F%2Fservices.sentinel-hub.com%2Fogc%2Fwms%2Fbd86bcc0-f318-402b-a145-015f85b9427e,Image 1: Rougher terrain ISL,ISL,Rainforest,,,,"ISL, Rainforest"
2,Y,5.75499,8.92339,"{""type"":""Polygon"",""coordinates"":[[[8.891888,5.804559],[8.931885,5.803022],[8.975143,5.755202],[8.955746,5.712159],[8.907509,5.705498],[8.871632,5.724457],[8.891888,5.804559]]]}",@500m,Cameroon,11-005,5-Oct-20,N/A,89.56,25-Jan-20,s3://sentinel-s2-l2a/tiles/32/N/MM/2020/1/25/0/,https://apps.sentinel-hub.com/eo-browser/?zoom=14&lat=5.75499&lng=8.92339&themeId=DEFAULT-THEME&datasetId=S2L2A&fromTime=2020-01-25T00%3A00%3A00.000Z&toTime=2020-01-25T23%3A59%3A59.999Z&layerId=1_TRUE_COLOR&visualizationUrl=https%3A%2F%2Fservices.sentinel-hub.com%2Fogc%2Fwms%2Fbd86bcc0-f318-402b-a145-015f85b9427e,Image 2: Rougher terrain ISL,ISL,Rainforest,,,,"ISL, Rainforest"
3,Y,5.59555,13.18814,"{""type"":""Polygon"",""coordinates"":[[[13.148403,5.597193],[13.199902,5.622648],[13.227882,5.608811],[13.227539,5.568491],[13.148403,5.597193]]]}",@300m,Cameroon,Outside of concession,5-Oct-20,N/A,28.52,14-Jan-20,s3://sentinel-s2-l2a/tiles/33/N/UG/2020/1/14/0/,https://apps.sentinel-hub.com/eo-browser/?zoom=15&lat=5.59555&lng=13.18814&themeId=DEFAULT-THEME&datasetId=S2L2A&fromTime=2020-01-14T00%3A00%3A00.000Z&toTime=2020-01-14T23%3A59%3A59.999Z&layerId=1_TRUE_COLOR&visualizationUrl=https%3A%2F%2Fservices.sentinel-hub.com%2Fogc%2Fwms%2Fbd86bcc0-f318-402b-a145-015f85b9427e,Image 3,ISL,Rainforest,,,,"ISL, Rainforest"
4,Y,5.35518,14.33673,"{""type"":""Polygon"",""coordinates"":[[[14.34763,5.341814],[14.359646,5.350787],[14.350634,5.367451],[14.313812,5.368561],[14.34763,5.341814]]]}",@200m,Cameroon,N/A,5-Oct-20,N/A,7.58,9-Jan-20,s3://sentinel-s2-l2a/tiles/33/N/VG/2020/1/9/0/,https://apps.sentinel-hub.com/eo-browser/?zoom=16&lat=5.35518&lng=14.33673&themeId=DEFAULT-THEME&datasetId=S2L2A&fromTime=2020-01-09T00%3A00%3A00.000Z&toTime=2020-01-09T23%3A59%3A59.999Z&layerId=1_TRUE_COLOR&visualizationUrl=https%3A%2F%2Fservices.sentinel-hub.com%2Fogc%2Fwms%2Fbd86bcc0-f318-402b-a145-015f85b9427e,Image 4,Rainforest,Mining,Savannah,Roads,,"Rainforest, Mining, Savannah, Roads"
5,Y,5.33908,13.10411,"{""type"":""Polygon"",""coordinates"":[[[13.02927,5.427009],[13.102741,5.427693],[13.142052,5.380183],[13.135185,5.276606],[13.030128,5.312501],[13.02927,5.427009]]]}",@1000m,Cameroon,10-062,5-Oct-20,N/A,169.77,14-Jan-20,s3://sentinel-s2-l2a/tiles/33/N/UE/2020/1/14/0/,https://apps.sentinel-hub.com/eo-browser/?zoom=13&lat=5.33908&lng=13.10411&themeId=DEFAULT-THEME&datasetId=S2L2A&fromTime=2020-01-14T00%3A00%3A00.000Z&toTime=2020-01-14T23%3A59%3A59.999Z&layerId=1_TRUE_COLOR&visualizationUrl=https%3A%2F%2Fservices.sentinel-hub.com%2Fogc%2Fwms%2Fbd86bcc0-f318-402b-a145-015f85b9427e,Image 5,ISL,Rainforest,,,,"ISL, Rainforest"
6,M,4.96962,8.88124,"{""type"":""Polygon"",""coordinates"":[[[8.868713,5.032807],[8.911285,5.028361],[8.947678,4.99074],[8.921242,4.926779],[8.853779,4.906597],[8.814812,4.940119],[8.868713,5.032807]]]}",@1000m,Cameroon,N/A,5-Oct-20,N/A,131.07,25-Jan-20,s3://sentinel-s2-l2a/tiles/32/N/ML/2020/1/25/0/,https://apps.sentinel-hub.com/eo-browser/?zoom=13&lat=4.96962&lng=8.88124&themeId=DEFAULT-THEME&datasetId=S2L2A&fromTime=2020-01-25T00%3A00%3A00.000Z&toTime=2020-01-25T23%3A59%3A59.999Z&layerId=1_TRUE_COLOR&visualizationUrl=https%3A%2F%2Fservices.sentinel-hub.com%2Fogc%2Fwms%2Fbd86bcc0-f318-402b-a145-015f85b9427e,Image 6: Massive IndAg site; simple river (Ndian); Hab. is Mundemba,Rainforest,Shifting cultivation,River,Habitation,Industrial agriculture,"Rainforest, Shifting cultivation, River, Habitation, Industrial agriculture"
7,Y,4.58969,14.051,"{""type"":""Polygon"",""coordinates"":[[[13.841572,4.695853],[13.839169,4.573345],[14.258881,4.480595],[14.262829,4.698419],[13.841572,4.695853]]]}",@1000m,Cameroon,N/A,5-Oct-20,N/A,885.58,30-Dec-19,s3://sentinel-s2-l2a/tiles/33/N/UF/2019/12/30/0/,https://apps.sentinel-hub.com/eo-browser/?zoom=13&lat=4.58969&lng=14.051&themeId=DEFAULT-THEME&datasetId=S2L2A&fromTime=2019-12-30T00%3A00%3A00.000Z&toTime=2019-12-30T23%3A59%3A59.999Z&layerId=1_TRUE_COLOR&visualizationUrl=https%3A%2F%2Fservices.sentinel-hub.com%2Fogc%2Fwms%2Fbd86bcc0-f318-402b-a145-015f85b9427e,Image 7,Rainforest,River,Savannah,,,"Rainforest, River, Savannah"
8,N,4.49715,14.65336,"{""type"":""Polygon"",""coordinates"":[[[14.672413,4.463139],[14.688463,4.500104],[14.661856,4.531249],[14.618254,4.486328],[14.656448,4.464422],[14.672413,4.463139]]]}",@1000m,Cameroon,N/A,5-Oct-20,N/A,32.29,30-Dec-20,s3://sentinel-s2-l2a/tiles/33/N/VE/2019/12/30/0/,https://apps.sentinel-hub.com/eo-browser/?zoom=14&lat=4.49715&lng=14.65336&themeId=DEFAULT-THEME&datasetId=S2L2A&fromTime=2019-12-30T00%3A00%3A00.000Z&toTime=2019-12-30T23%3A59%3A59.999Z&layerId=1_TRUE_COLOR&visualizationUrl=https%3A%2F%2Fservices.sentinel-hub.com%2Fogc%2Fwms%2Fbd86bcc0-f318-402b-a145-015f85b9427e,Image 8,Rainforest,Mining,Savannah,,,"Rainforest, Mining, Savannah"
9,Y,4.45681,12.08839,"{""type"":""Polygon"",""coordinates"":[[[11.971321,4.368663],[12.051659,4.34333],[12.161522,4.414533],[12.205467,4.545281],[12.170105,4.570265],[12.089081,4.505922],[12.039814,4.515335],[11.998272,4.500446],[11.971321,4.368663]]]}",@3000m,Cameroon,N/A,6-Oct-20,N/A,370.27,5-Mar-19,s3://sentinel-s2-l2a/tiles/32/N/RK/2019/3/5/0/,https://apps.sentinel-hub.com/eo-browser/?zoom=12&lat=4.45681&lng=12.08839&themeId=DEFAULT-THEME&datasetId=S2L2A&fromTime=2019-03-05T00%3A00%3A00.000Z&toTime=2019-03-05T23%3A59%3A59.999Z&layerId=1_TRUE_COLOR&visualizationUrl=https%3A%2F%2Fservices.sentinel-hub.com%2Fogc%2Fwms%2Fbd86bcc0-f318-402b-a145-015f85b9427e,Image 9: Hab. is Nkoteng,Savannah,Industrial agriculture,Roads,Shifting cultivation,Habitation,"Savannah, Industrial agriculture, Roads, Shifting cultivation, Habitation"
10,Y,4.41094,12.08874,"{""type"":""Polygon"",""coordinates"":[[[11.941452,4.211519],[11.982994,4.223161],[12.00119,4.263219],[12.028828,4.289581],[12.105904,4.313033],[12.173023,4.437638],[12.23568,4.56958],[12.140579,4.604487],[12.028999,4.610989],[11.941452,4.211519]]]}",@3000m,Cameroon,N/A,5-Oct-20,N/A,723.72,13-Feb-20,s3://sentinel-s2-l2a/tiles/32/N/RK/2020/2/13/0/,https://apps.sentinel-hub.com/eo-browser/?zoom=12&lat=4.41094&lng=12.08874&themeId=DEFAULT-THEME&datasetId=S2L2A&fromTime=2020-02-13T00%3A00%3A00.000Z&toTime=2020-02-13T23%3A59%3A59.999Z&layerId=1_TRUE_COLOR&visualizationUrl=https%3A%2F%2Fservices.sentinel-hub.com%2Fogc%2Fwms%2Fbd86bcc0-f318-402b-a145-015f85b9427e,Image 10: Mostly IndAg; complex river (Sanaga) at polygon top; Hab. is Nkoteng,Rainforest,Roads,Industrial agriculture,Shifting cultivation,,"Rainforest, Roads, Industrial agriculture, Shifting cultivation"
11,Y,4.39290,14.46578,"{""type"":""Polygon"",""coordinates"":[[[14.465561,4.365582],[14.483328,4.404264],[14.473715,4.419582],[14.45672,4.420266],[14.448223,4.367893],[14.465561,4.365582]]]}",@300m,Cameroon,Batouri,5-Oct-20,N/A,15.41,14-Jan-20,s3://sentinel-s2-l2a/tiles/33/N/VE/2020/1/14/0/,https://apps.sentinel-hub.com/eo-browser/?zoom=15&lat=4.3929&lng=14.46578&themeId=DEFAULT-THEME&datasetId=S2L2A&fromTime=2020-01-14T00%3A00%3A00.000Z&toTime=2020-01-14T23%3A59%3A59.999Z&layerId=1_TRUE_COLOR&visualizationUrl=https%3A%2F%2Fservices.sentinel-hub.com%2Fogc%2Fwms%2Fbd86bcc0-f318-402b-a145-015f85b9427e,Image 11,ISL,Rainforest,,,,"ISL, Rainforest"
12,Y,4.36301,8.64006,"{""type"":""Polygon"",""coordinates"":[[[8.429089,4.479568],[8.797989,4.480424],[8.852234,4.245758],[8.684692,4.25329],[8.609848,4.311321],[8.42823,4.366951],[8.429089,4.479568]]]}",@3000m,Cameroon,N/A,5-Oct-20,N/A,897.06,25-Jan-20,s3://sentinel-s2-l2a/tiles/32/N/ML/2020/1/25/0/,https://apps.sentinel-hub.com/eo-browser/?zoom=12&lat=4.36301&lng=8.64006&themeId=DEFAULT-THEME&datasetId=S2L2A&fromTime=2020-01-25T00%3A00%3A00.000Z&toTime=2020-01-25T23%3A59%3A59.999Z&layerId=1_TRUE_COLOR&visualizationUrl=https%3A%2F%2Fservices.sentinel-hub.com%2Fogc%2Fwms%2Fbd86bcc0-f318-402b-a145-015f85b9427e,Image 12: Open ocean,Water,,,,,Water
13,Y,4.30593,14.35381,"{""type"":""Polygon"",""coordinates"":[[[14.260168,4.251921],[14.338875,4.247299],[14.449081,4.30533],[14.370461,4.364726],[14.258537,4.270923],[14.260168,4.251921]]]}",@1000m,Cameroon,10-057,5-Oct-20,N/A,140.72,14-Jan-20,s3://sentinel-s2-l2a/tiles/33/N/VE/2020/1/14/0/,https://apps.sentinel-hub.com/eo-browser/?zoom=13&lat=4.30593&lng=14.35381&themeId=DEFAULT-THEME&datasetId=S2L2A&fromTime=2020-01-14T00%3A00%3A00.000Z&toTime=2020-01-14T23%3A59%3A59.999Z&layerId=1_TRUE_COLOR&visualizationUrl=https%3A%2F%2Fservices.sentinel-hub.com%2Fogc%2Fwms%2Fbd86bcc0-f318-402b-a145-015f85b9427e,Image 13: Simple river (Kadei) at NE of polygon,ISL,Rainforest,River,Shifting cultivation,Habitation,"ISL, Rainforest, River, Shifting cultivation, Habitation"
14,Y,3.97994,12.29473,"{""type"":""Polygon"",""coordinates"":[[[12.196884,3.971806],[12.23259,4.031056],[12.364254,4.069755],[12.392578,3.957421],[12.377129,3.923512],[12.352753,3.903646],[12.233791,3.890287],[12.196884,3.971806]]]}",@1000m,Cameroon,N/A,5-Oct-20,N/A,307.83,5-Mar-19,s3://sentinel-s2-l2a/tiles/32/N/RK/2019/3/5/0/,https://apps.sentinel-hub.com/eo-browser/?zoom=13&lat=3.97994&lng=12.29473&themeId=DEFAULT-THEME&datasetId=S2L2A&fromTime=2019-03-05T00%3A00%3A00.000Z&toTime=2019-03-05T23%3A59%3A59.999Z&layerId=1_TRUE_COLOR&visualizationUrl=https%3A%2F%2Fservices.sentinel-hub.com%2Fogc%2Fwms%2Fbd86bcc0-f318-402b-a145-015f85b9427e,Image 14,Rainforest,Habitation,Shifting cultivation,Roads,Savannah,"Rainforest, Habitation, Shifting cultivation, Roads, Savannah"
15,Y,3.951,15.84194,"{""type"":""Polygon"",""coordinates"":[[[15.703583,3.855177],[15.698261,4.05794],[15.777912,4.05794],[15.985794,4.00263],[15.984592,3.844044],[15.703583,3.855177]]]}",@1000m,CAR,License 167,5-Oct-20,N/A,661.34,27-Dec-20,s3://sentinel-s2-l2a/tiles/33/N/WE/2018/12/27/0/,https://apps.sentinel-hub.com/eo-browser/?zoom=13&lat=3.951&lng=15.84194&themeId=DEFAULT-THEME&datasetId=S2L2A&fromTime=2018-12-27T00%3A00%3A00.000Z&toTime=2018-12-27T23%3A59%3A59.999Z&layerId=1_TRUE_COLOR&visualizationUrl=https%3A%2F%2Fservices.sentinel-hub.com%2Fogc%2Fwms%2Fbd86bcc0-f318-402b-a145-015f85b9427e,Image 15,ISL,Rainforest,Savannah,,,"ISL, Rainforest, Savannah"
16,Y,3.94745,15.99498,"{""type"":""Polygon"",""coordinates"":[[[16.079865,3.987047],[16.070766,3.91101],[15.989571,3.892257],[15.910091,3.901762],[15.911808,3.984992],[16.017895,3.993212],[16.079865,3.987047]]]}",@500m,CAR,License 174,5-Oct-20,N/A,182.61,6-Mar-20,s3://sentinel-s2-l2a/tiles/33/N/XE/2020/3/6/0/,https://apps.sentinel-hub.com/eo-browser/?zoom=14&lat=3.94745&lng=15.99498&themeId=DEFAULT-THEME&datasetId=S2L2A&fromTime=2020-03-06T00%3A00%3A00.000Z&toTime=2020-03-06T23%3A59%3A59.999Z&layerId=1_TRUE_COLOR&visualizationUrl=https%3A%2F%2Fservices.sentinel-hub.com%2Fogc%2Fwms%2Fbd86bcc0-f318-402b-a145-015f85b9427e,Image 16,ISL,Rainforest,Savannah,,,"ISL, Rainforest, Savannah"
17,Y,3.85646,16.75861,"{""type"":""Polygon"",""coordinates"":[[[16.840668,3.731852],[16.681881,3.732366],[16.675873,3.941837],[16.844959,3.925225],[16.840668,3.731852]]]}",@1000m,CAR,License 174,5-Oct-20,N/A,408.18,6-Mar-20,s3://sentinel-s2-l2a/tiles/33/N/XE/2020/3/6/0/,https://apps.sentinel-hub.com/eo-browser/?zoom=13&lat=3.85646&lng=16.75861&themeId=DEFAULT-THEME&datasetId=S2L2A&fromTime=2020-03-06T00%3A00%3A00.000Z&toTime=2020-03-06T23%3A59%3A59.999Z&layerId=1_TRUE_COLOR&visualizationUrl=https%3A%2F%2Fservices.sentinel-hub.com%2Fogc%2Fwms%2Fbd86bcc0-f318-402b-a145-015f85b9427e,Image 17: non-ISL road is E-W across polygon top,ISL,Rainforest,Roads,Shifting cultivation,,"ISL, Rainforest, Roads, Shifting cultivation"
18,M,3.80131,15.63595,"{""type"":""Polygon"",""coordinates"":[[[15.837822,3.695536],[15.436134,3.695879],[15.434246,3.906386],[15.782547,3.907243],[15.837822,3.695536]]]}",@1000m,CAR,N/A,5-Oct-20,N/A,978.93,27-Dec-20,s3://sentinel-s2-l2a/tiles/33/N/WE/2018/12/27/0/,https://apps.sentinel-hub.com/eo-browser/?zoom=13&lat=3.80131&lng=15.63595&themeId=DEFAULT-THEME&datasetId=S2L2A&fromTime=2018-12-27T00%3A00%3A00.000Z&toTime=2018-12-27T23%3A59%3A59.999Z&layerId=1_TRUE_COLOR&visualizationUrl=https%3A%2F%2Fservices.sentinel-hub.com%2Fogc%2Fwms%2Fbd86bcc0-f318-402b-a145-015f85b9427e,Image 18: Complex river (Kadei),Rainforest,Savannah,River,,,"Rainforest, Savannah, River"
19,M,3.73536,12.16118,"{""type"":""Polygon"",""coordinates"":[[[11.965485,3.64243],[11.973038,3.751551],[12.042904,3.78067],[12.206841,3.828629],[12.356873,3.810816],[12.32254,3.737676],[12.211475,3.745556],[12.110367,3.670183],[11.965485,3.64243]]]}",@1000m,Cameroon,N/A,5-Oct-20,N/A,470.85,5-Mar-19,s3://sentinel-s2-l2a/tiles/32/N/RK/2019/3/5/0/,https://apps.sentinel-hub.com/eo-browser/?zoom=13&lat=3.73536&lng=12.16118&themeId=DEFAULT-THEME&datasetId=S2L2A&fromTime=2019-03-05T00%3A00%3A00.000Z&toTime=2019-03-05T23%3A59%3A59.999Z&layerId=1_TRUE_COLOR&visualizationUrl=https%3A%2F%2Fservices.sentinel-hub.com%2Fogc%2Fwms%2Fbd86bcc0-f318-402b-a145-015f85b9427e,Image 19: Complex river (Nyong),Rainforest,River,Habitation,Shifting cultivation,Roads,"Rainforest, River, Habitation, Shifting cultivation, Roads"
20,N,3.56842,13.89359,"{""type"":""Polygon"",""coordinates"":[[[13.857708,3.466816],[13.95298,3.509652],[13.973923,3.566535],[13.957958,3.661788],[13.74321,3.553513],[13.857708,3.466816]]]}",@1000m,Cameroon,10-040,25-Aug-20,24-Sep-20,298.07,14-Jan-20,s3://sentinel-s2-l2a/tiles/33/N/UE/2020/1/14/0,https://apps.sentinel-hub.com/eo-browser/?zoom=13&lat=3.55737&lng=13.89341&themeId=DEFAULT-THEME&datasetId=S2L2A&fromTime=2020-01-14T00%3A00%3A00.000Z&toTime=2020-01-14T23%3A59%3A59.999Z&layerId=1_TRUE_COLOR&visualizationUrl=https%3A%2F%2Fservices.sentinel-hub.com%2Fogc%2Fwms%2Fbd86bcc0-f318-402b-a145-015f85b9427e,Image 20: Non-ISL road is eastern boundary,ISL,Rainforest,Roads,,,"ISL, Rainforest, Roads"
21,N,3.51933,13.26754,"{""type"":""Polygon"",""coordinates"":[[[13.400917,3.524387],[13.3992,3.42929],[13.294659,3.429804],[13.133984,3.558825],[13.18222,3.609708],[13.400917,3.524387]]]}",@1000m,Cameroon,10-047b,5-Oct-20,N/A,334.53,4-Apr-19,s3://sentinel-s2-l2a/tiles/33/N/UD/2019/4/4/0/,https://apps.sentinel-hub.com/eo-browser/?zoom=13&lat=3.51933&lng=13.26754&themeId=DEFAULT-THEME&datasetId=S2L2A&fromTime=2019-04-04T00%3A00%3A00.000Z&toTime=2019-04-04T23%3A59%3A59.999Z&layerId=1_TRUE_COLOR&visualizationUrl=https%3A%2F%2Fservices.sentinel-hub.com%2Fogc%2Fwms%2Fbd86bcc0-f318-402b-a145-015f85b9427e,Image 21,ISL,Rainforest,,,,"ISL, Rainforest"
22,Y,3.41095,18.10770,"{""type"":""Polygon"",""coordinates"":[[[17.932091,3.453108],[18.214645,3.450024],[18.267174,3.223815],[18.051224,3.225872],[17.933121,3.405129],[17.932091,3.453108]]]}",@1000m,Republic of Congo,Betou,24-Aug-20,24-Sep-20,730.27,7-Feb-20,s3://sentinel-s2-l2a/tiles/33/N/ZD/2020/2/7/0,https://apps.sentinel-hub.com/eo-browser/?zoom=13&lat=3.41095&lng=18.1077&themeId=DEFAULT-THEME&datasetId=S2L2A&fromTime=2020-02-07T00%3A00%3A00.000Z&toTime=2020-02-07T23%3A59%3A59.999Z&layerId=1_TRUE_COLOR&visualizationUrl=https%3A%2F%2Fservices.sentinel-hub.com%2Fogc%2Fwms%2Fbd86bcc0-f318-402b-a145-015f85b9427e,Image 22,ISL,Rainforest,,,,"ISL, Rainforest"
23,Y,3.35946,16.51674,"{""type"":""Polygon"",""coordinates"":[[[16.413231,3.451566],[16.632099,3.404957],[16.627808,3.348407],[16.427135,3.267347],[16.401558,3.308135],[16.413231,3.451566]]]}",@1000m,CAR,N/A,5-Oct-20,N/A,339.06,27-Dec-20,s3://sentinel-s2-l2a/tiles/33/N/XD/2018/12/27/0/,https://apps.sentinel-hub.com/eo-browser/?zoom=13&lat=3.35946&lng=16.51674&themeId=DEFAULT-THEME&datasetId=S2L2A&fromTime=2018-12-27T00%3A00%3A00.000Z&toTime=2018-12-27T23%3A59%3A59.999Z&layerId=1_TRUE_COLOR&visualizationUrl=https%3A%2F%2Fservices.sentinel-hub.com%2Fogc%2Fwms%2Fbd86bcc0-f318-402b-a145-015f85b9427e,Image 23,Rainforest,Savannah,,,,"Rainforest, Savannah"
24,N,3.34819,15.11255,"{""type"":""Polygon"",""coordinates"":[[[15.10294,3.29254],[15.073071,3.402216],[15.149288,3.403758],[15.152035,3.29254],[15.10294,3.29254]]]}",@500m,Cameroon,Outside of concession,5-Oct-20,N/A,85.76,27-Dec-20,s3://sentinel-s2-l2a/tiles/33/N/WD/2018/12/27/0/,https://apps.sentinel-hub.com/eo-browser/?zoom=14&lat=3.34819&lng=15.11255&themeId=DEFAULT-THEME&datasetId=S2L2A&fromTime=2018-12-27T00%3A00%3A00.000Z&toTime=2018-12-27T23%3A59%3A59.999Z&layerId=1_TRUE_COLOR&visualizationUrl=https%3A%2F%2Fservices.sentinel-hub.com%2Fogc%2Fwms%2Fbd86bcc0-f318-402b-a145-015f85b9427e,Image 24,ISL,Rainforest,,,,"ISL, Rainforest"
25,N,3.32390,17.47787,"{""type"":""Polygon"",""coordinates"":[[[17.348785,3.404272],[17.34827,3.331785],[17.493668,3.236155],[17.657604,3.258949],[17.600784,3.405814],[17.348785,3.404272]]]}",@1000m,Republic of Congo,Mokabi-Dzanga,24-Aug-20,24-Sep-20,485.87,13-Mar-20,s3://sentinel-s2-l2a/tiles/33/N/ZD/2020/3/13/0/,https://apps.sentinel-hub.com/eo-browser/?zoom=13&lat=3.32382&lng=17.46414&themeId=DEFAULT-THEME&datasetId=S2L2A&fromTime=2020-03-13T00%3A00%3A00.000Z&toTime=2020-03-13T23%3A59%3A59.999Z&layerId=1_TRUE_COLOR&visualizationUrl=https%3A%2F%2Fservices.sentinel-hub.com%2Fogc%2Fwms%2Fbd86bcc0-f318-402b-a145-015f85b9427e,Image 25,ISL,Rainforest,,,,"ISL, Rainforest"
26,Y,3.31143,14.32892,"{""type"":""Polygon"",""coordinates"":[[[14.38179,3.258949],[14.379215,3.363831],[14.306602,3.359032],[14.276047,3.286027],[14.342995,3.259463],[14.38179,3.258949]]]}",@1000m,Cameroon,10-030,4-Oct-20,N/A,106.22,4-Apr-19,s3://sentinel-s2-l2a/tiles/33/N/VD/2019/4/4/0/,https://apps.sentinel-hub.com/eo-browser/?zoom=14&lat=3.31143&lng=14.32892&themeId=DEFAULT-THEME&datasetId=S2L2A&fromTime=2019-04-04T00%3A00%3A00.000Z&toTime=2019-04-04T23%3A59%3A59.999Z&layerId=1_TRUE_COLOR&visualizationUrl=https%3A%2F%2Fservices.sentinel-hub.com%2Fogc%2Fwms%2Fbd86bcc0-f318-402b-a145-015f85b9427e,Image 26: Simple river (Boumba) at bottom of polygon,ISL,Rainforest,River,,,"ISL, Rainforest, River"
27,N,3.27022,12.35747,"{""type"":""Polygon"",""coordinates"":[[[12.292156,3.283457],[12.439699,3.252179],[12.454548,3.171368],[12.450256,3.105035],[12.328033,3.136917],[12.29044,3.245581],[12.292156,3.283457]]]}",@500m,Cameroon,N/A,4-Oct-20,N/A,139.76,4-Jan-20,s3://sentinel-s2-l2a/tiles/32/N/RJ/2020/1/4/0/,https://apps.sentinel-hub.com/eo-browser/?zoom=14&lat=3.27022&lng=12.35747&themeId=DEFAULT-THEME&datasetId=S2L2A&fromTime=2020-01-04T00%3A00%3A00.000Z&toTime=2020-01-04T23%3A59%3A59.999Z&layerId=1_TRUE_COLOR&visualizationUrl=https%3A%2F%2Fservices.sentinel-hub.com%2Fogc%2Fwms%2Fbd86bcc0-f318-402b-a145-015f85b9427e,Image 27: IndAg at western side of polygon; River or Water?,Rainforest,Shifting cultivation,Roads,Habitation,Industrial agriculture,"Rainforest, Shifting cultivation, Roads, Habitation, Industrial agriculture"
28,N*,3.2335,13.15802,"{""type"":""Polygon"",""coordinates"":[[[13.017769,3.309849],[13.359547,3.309335],[13.361092,3.121319],[13.000774,3.126975],[13.017769,3.309849]]]}",@1000m,Cameroon,N/A,4-Oct-20,N/A,805.75,4-Jan-20,s3://sentinel-s2-l2a/tiles/32/N/RJ/2020/1/4/0/,https://apps.sentinel-hub.com/eo-browser/?zoom=13&lat=3.2335&lng=13.15802&themeId=DEFAULT-THEME&datasetId=S2L2A&fromTime=2020-01-04T00%3A00%3A00.000Z&toTime=2020-01-04T23%3A59%3A59.999Z&layerId=1_TRUE_COLOR&visualizationUrl=https%3A%2F%2Fservices.sentinel-hub.com%2Fogc%2Fwms%2Fbd86bcc0-f318-402b-a145-015f85b9427e,"Image 28: Pure rainforest, rough terrain",Rainforest,,,,,Rainforest
29,Y,3.15594,17.27463,"{""type"":""Polygon"",""coordinates"":[[[17.089062,3.259806],[17.41436,3.259292],[17.365608,3.054125],[17.271538,3.057382],[17.192574,3.124404],[17.09095,3.21953],[17.089062,3.259806]]]}",@1000m,Republic of Congo,Mimbeli-Ibenga,24-Aug-20,24-Sep-20,574.61,7-Feb-20,s3://sentinel-s2-l2a/tiles/33/N/ZD/2020/2/7/0/,https://apps.sentinel-hub.com/eo-browser/?zoom=13&lat=3.15663&lng=17.28398&themeId=DEFAULT-THEME&datasetId=S2L2A&fromTime=2020-02-07T00%3A00%3A00.000Z&toTime=2020-02-07T23%3A59%3A59.999Z&layerId=1_TRUE_COLOR&visualizationUrl=https%3A%2F%2Fservices.sentinel-hub.com%2Fogc%2Fwms%2Fbd86bcc0-f318-402b-a145-015f85b9427e,Image 29: Ibenga river at SW border of polygon,ISL,Rainforest,River,,,"ISL, Rainforest, River"
30,N,3.1343,12.2289,"{""type"":""Polygon"",""coordinates"":[[[12.141008,3.173768],[12.219372,3.189108],[12.311039,3.160227],[12.316875,3.091836],[12.244434,3.07958],[12.150192,3.090636],[12.141008,3.173768]]]}",@500m,Cameroon,N/A,4-Oct-20,N/A,192.05,4-Jan-20,s3://sentinel-s2-l2a/tiles/32/N/RJ/2020/1/4/0/,https://apps.sentinel-hub.com/eo-browser/?zoom=14&lat=3.1343&lng=12.2289&themeId=DEFAULT-THEME&datasetId=S2L2A&fromTime=2020-01-04T00%3A00%3A00.000Z&toTime=2020-01-04T23%3A59%3A59.999Z&layerId=1_TRUE_COLOR&visualizationUrl=https%3A%2F%2Fservices.sentinel-hub.com%2Fogc%2Fwms%2Fbd86bcc0-f318-402b-a145-015f85b9427e,Image 30: IndAg north of airstrip,Rainforest,Shifting cultivation,Roads,Habitation,Industrial agriculture,"Rainforest, Shifting cultivation, Roads, Habitation, Industrial agriculture"
31,N,3.10469,12.42107,"{""type"":""Polygon"",""coordinates"":[[[12.402534,2.95847],[12.524071,2.958813],[12.44236,3.250209],[12.353096,3.214217],[12.348976,3.153885],[12.318077,3.126461],[12.387772,3.068181],[12.402534,2.95847]]]}",@3000m,Cameroon,N/A,4-Oct-20,N/A,400.97,4-Jan-20,s3://sentinel-s2-l2a/tiles/32/N/RJ/2020/1/4/0/,https://apps.sentinel-hub.com/eo-browser/?zoom=12&lat=3.10469&lng=12.42107&themeId=DEFAULT-THEME&datasetId=S2L2A&fromTime=2020-01-04T00%3A00%3A00.000Z&toTime=2020-01-04T23%3A59%3A59.999Z&layerId=1_TRUE_COLOR&visualizationUrl=https%3A%2F%2Fservices.sentinel-hub.com%2Fogc%2Fwms%2Fbd86bcc0-f318-402b-a145-015f85b9427e,Image 31: Massive IndAg site; simple river (Dja); Hab. is Nlobess√©,Rainforest,Shifting cultivation,River,Habitation,Industrial agriculture,"Rainforest, Shifting cultivation, River, Habitation, Industrial agriculture"
32,Y,3.0597,14.60564,"{""type"":""Polygon"",""coordinates"":[[[14.619198,3.164855],[14.669495,3.164855],[14.764252,2.982299],[14.552937,2.954698],[14.44685,3.039383],[14.619198,3.164855]]]}",@1000m,Cameroon,10-022,5-Oct-20,N/A,492.92,22-Dec-18,s3://sentinel-s2-l2a/tiles/33/N/VD/2018/12/22/0/,https://apps.sentinel-hub.com/eo-browser/?zoom=13&lat=3.0597&lng=14.60564&themeId=DEFAULT-THEME&datasetId=S2L2A&fromTime=2018-12-22T00%3A00%3A00.000Z&toTime=2018-12-22T23%3A59%3A59.999Z&layerId=1_TRUE_COLOR&visualizationUrl=https%3A%2F%2Fservices.sentinel-hub.com%2Fogc%2Fwms%2Fbd86bcc0-f318-402b-a145-015f85b9427e,Image 32,ISL,Rainforest,,,,"ISL, Rainforest"
33,Y,2.96156,14.23768,"{""type"":""Polygon"",""coordinates"":[[[14.157944,2.869493],[14.176655,2.952641],[14.2836,3.041269],[14.300423,3.009727],[14.264717,2.931383],[14.365311,2.864521],[14.157944,2.869493]]]}",@1000m,Cameroon,10-029,25-Aug-20,24-Sep-20,207.96,17-Dec-19,s3://sentinel-s2-l2a/tiles/33/N/VD/2019/12/17/0,https://apps.sentinel-hub.com/eo-browser/?zoom=13&lat=2.94484&lng=14.25219&themeId=DEFAULT-THEME&datasetId=S2L2A&fromTime=2019-12-17T00%3A00%3A00.000Z&toTime=2019-12-17T23%3A59%3A59.999Z&layerId=1_TRUE_COLOR&visualizationUrl=https%3A%2F%2Fservices.sentinel-hub.com%2Fogc%2Fwms%2Fbd86bcc0-f318-402b-a145-015f85b9427e,Image 33: Rougher terrain ISL,ISL,Rainforest,,,,"ISL, Rainforest"
34,N,2.90224,13.81763,"{""type"":""Polygon"",""coordinates"":[[[13.794794,2.877294],[13.796768,2.947498],[13.854361,2.946812],[13.794794,2.877294]]]}",@500m,Cameroon,10-035,25-Aug-20,24-Sep-20,52.22,14-Jan-20,s3://sentinel-s2-l2a/tiles/33/N/UE/2020/1/14/0,https://apps.sentinel-hub.com/eo-browser/?zoom=13&lat=2.90232&lng=13.81771&themeId=DEFAULT-THEME&datasetId=S2L2A&fromTime=2020-01-14T00%3A00%3A00.000Z&toTime=2020-01-14T23%3A59%3A59.999Z&layerId=1_TRUE_COLOR&visualizationUrl=https%3A%2F%2Fservices.sentinel-hub.com%2Fogc%2Fwms%2Fbd86bcc0-f318-402b-a145-015f85b9427e,Image 34: Rougher terrain ISL; Dja river in upper half,ISL,Rainforest,River,,,"ISL, Rainforest, River"
35,Y,2.85723,14.13692,"{""type"":""Polygon"",""coordinates"":[[[14.109879,2.822173],[14.086189,2.844976],[14.130564,2.906096],[14.233561,2.906868],[14.234076,2.864778],[14.172792,2.865721],[14.155197,2.842233],[14.109879,2.822173]]]}",@500m,Cameroon,10-028,25-Aug-20,24-Sep-20,88.62,14-Jan-20,s3://sentinel-s2-l2a/tiles/33/N/VD/2020/1/14/0,https://apps.sentinel-hub.com/eo-browser/?zoom=14&lat=2.85723&lng=14.13692&themeId=DEFAULT-THEME&datasetId=S2L2A&fromTime=2020-01-14T00%3A00%3A00.000Z&toTime=2020-01-14T23%3A59%3A59.999Z&layerId=1_TRUE_COLOR&visualizationUrl=https%3A%2F%2Fservices.sentinel-hub.com%2Fogc%2Fwms%2Fbd86bcc0-f318-402b-a145-015f85b9427e,Image 35: Rougher terrain ISL,ISL,Rainforest,,,,"ISL, Rainforest"
36,Y,2.84206,17.25986,"{""type"":""Polygon"",""coordinates"":[[[17.18811,2.782052],[17.377453,2.77828],[17.375221,2.87395],[17.300549,2.958984],[17.182102,2.958127],[17.235489,2.879608],[17.18811,2.782052]]]}",@1000m,Republic of Congo,Lopola,29-Aug-20,24-Sep-20,326.81,17-May-20,s3://sentinel-s2-l2a/tiles/33/N/YD/2020/5/17/0,https://apps.sentinel-hub.com/eo-browser/?zoom=13&lat=2.84163&lng=17.26021&themeId=DEFAULT-THEME&datasetId=S2L2A&fromTime=2020-05-17T00%3A00%3A00.000Z&toTime=2020-05-17T23%3A59%3A59.999Z&layerId=1_TRUE_COLOR&visualizationUrl=https%3A%2F%2Fservices.sentinel-hub.com%2Fogc%2Fwms%2Fbd86bcc0-f318-402b-a145-015f85b9427e,Image 36: Main N-S road is not ISL,ISL,Rainforest,Roads,,,"ISL, Rainforest, Roads"
37,N,2.81917,14.0649,"{""type"":""Polygon"",""coordinates"":[[[13.985596,2.736272],[14.074173,2.736443],[14.190559,2.894352],[14.131508,2.909953],[14.048252,2.78068],[13.973064,2.790796],[13.985596,2.736272]]]}",@1000m,Cameroon,10-032,4-Oct-20,N/A,161.34,14-Jan-20,s3://sentinel-s2-l2a/tiles/33/N/UD/2020/1/14/0/,https://apps.sentinel-hub.com/eo-browser/?zoom=13&lat=2.81917&lng=14.0649&themeId=DEFAULT-THEME&datasetId=S2L2A&fromTime=2020-01-14T00%3A00%3A00.000Z&toTime=2020-01-14T23%3A59%3A59.999Z&layerId=1_TRUE_COLOR&visualizationUrl=https%3A%2F%2Fservices.sentinel-hub.com%2Fogc%2Fwms%2Fbd86bcc0-f318-402b-a145-015f85b9427e,Image 37: Rougher terrain ISL; river (Dja) is in center of polygon,ISL,Rainforest,River,,,"ISL, Rainforest, River"
38,M,2.80961,15.81885,"{""type"":""Polygon"",""coordinates"":[[[15.9161,2.859378],[15.838509,2.757705],[15.721607,2.797998],[15.846577,2.861435],[15.9161,2.859378]]]}",@500m,Cameroon,10-009,5-Oct-20,N/A,121.79,25-May-20,s3://sentinel-s2-l2a/tiles/33/N/WD/2020/5/25/0/,https://apps.sentinel-hub.com/eo-browser/?zoom=14&lat=2.80961&lng=15.81885&themeId=DEFAULT-THEME&datasetId=S2L2A&fromTime=2020-05-25T00%3A00%3A00.000Z&toTime=2020-05-25T23%3A59%3A59.999Z&layerId=1_TRUE_COLOR&visualizationUrl=https%3A%2F%2Fservices.sentinel-hub.com%2Fogc%2Fwms%2Fbd86bcc0-f318-402b-a145-015f85b9427e,Image 38,ISL,Rainforest,,,,"ISL, Rainforest"
39,Y,2.79363,15.77946,"{""type"":""Polygon"",""coordinates"":[[[15.914726,2.700606],[15.957127,2.886637],[15.684185,2.886295],[15.603333,2.772622],[15.601788,2.701464],[15.914726,2.700606]]]}",@1000m,Cameroon,10-009,5-Oct-20,N/A,707.06,25-May-20,s3://sentinel-s2-l2a/tiles/33/N/WD/2020/5/25/0/,https://apps.sentinel-hub.com/eo-browser/?zoom=13&lat=2.79363&lng=15.77946&themeId=DEFAULT-THEME&datasetId=S2L2A&fromTime=2020-05-25T00%3A00%3A00.000Z&toTime=2020-05-25T23%3A59%3A59.999Z&layerId=1_TRUE_COLOR&visualizationUrl=https%3A%2F%2Fservices.sentinel-hub.com%2Fogc%2Fwms%2Fbd86bcc0-f318-402b-a145-015f85b9427e,Image 39,ISL,Rainforest,,,,"ISL, Rainforest"
40,Y,2.77202,14.71464,"{""type"":""Polygon"",""coordinates"":[[[14.664173,2.824916],[14.760818,2.822859],[14.754295,2.703693],[14.659367,2.713638],[14.664173,2.824916]]]}",@1000m,Cameroon,10-018,5-Oct-20,N/A,137.03,25-Apr-20,s3://sentinel-s2-l2a/tiles/33/N/VD/2020/4/25/0/,https://apps.sentinel-hub.com/eo-browser/?zoom=13&lat=2.77202&lng=14.71464&themeId=DEFAULT-THEME&datasetId=S2L2A&fromTime=2020-04-25T00%3A00%3A00.000Z&toTime=2020-04-25T23%3A59%3A59.999Z&layerId=1_TRUE_COLOR&visualizationUrl=https%3A%2F%2Fservices.sentinel-hub.com%2Fogc%2Fwms%2Fbd86bcc0-f318-402b-a145-015f85b9427e,Image 40,ISL,Rainforest,,,,"ISL, Rainforest"
41,N,2.75715,13.13630,"{""type"":""Polygon"",""coordinates"":[[[13.078365,2.745616],[13.106174,2.805713],[13.16617,2.80417],[13.193808,2.76542],[13.194237,2.708494],[13.078365,2.745616]]]}",@500m,Cameroon,09-006,4-Oct-20,N/A,94.38,13-Feb-20,s3://sentinel-s2-l2a/tiles/33/N/TD/2020/2/13/0/,https://apps.sentinel-hub.com/eo-browser/?zoom=14&lat=2.75715&lng=13.1363&themeId=DEFAULT-THEME&datasetId=S2L2A&fromTime=2020-02-13T00%3A00%3A00.000Z&toTime=2020-02-13T23%3A59%3A59.999Z&layerId=1_TRUE_COLOR&visualizationUrl=https%3A%2F%2Fservices.sentinel-hub.com%2Fogc%2Fwms%2Fbd86bcc0-f318-402b-a145-015f85b9427e,Image 41: Rougher terrain ISL,ISL,Rainforest,,,,"ISL, Rainforest"
42,Y,2.74472,15.71011,"{""type"":""Polygon"",""coordinates"":[[[15.790958,2.77828],[15.733967,2.791139],[15.615349,2.790796],[15.622902,2.69872],[15.699806,2.698377],[15.804863,2.711237],[15.790958,2.77828]]]}",@500m,Cameroon,10-010,5-Oct-20,N/A,191.97,25-May-20,s3://sentinel-s2-l2a/tiles/33/N/WD/2020/5/25/0/,https://apps.sentinel-hub.com/eo-browser/?zoom=14&lat=2.74472&lng=15.71011&themeId=DEFAULT-THEME&datasetId=S2L2A&fromTime=2020-05-25T00%3A00%3A00.000Z&toTime=2020-05-25T23%3A59%3A59.999Z&layerId=1_TRUE_COLOR&visualizationUrl=https%3A%2F%2Fservices.sentinel-hub.com%2Fogc%2Fwms%2Fbd86bcc0-f318-402b-a145-015f85b9427e,Image 42,ISL,Rainforest,,,,"ISL, Rainforest"
43,Y,2.6871,14.29476,"{""type"":""Polygon"",""coordinates"":[[[14.265747,2.649164],[14.323254,2.647964],[14.323769,2.725641],[14.287033,2.726155],[14.265747,2.649164]]]}",@500m,Cameroon,10-027,5-Oct-20,N/A,45.22,25-Apr-20,s3://sentinel-s2-l2a/tiles/33/N/VD/2020/4/25/0/,https://apps.sentinel-hub.com/eo-browser/?zoom=14&lat=2.6871&lng=14.29476&themeId=DEFAULT-THEME&datasetId=S2L2A&fromTime=2020-04-25T00%3A00%3A00.000Z&toTime=2020-04-25T23%3A59%3A59.999Z&layerId=1_TRUE_COLOR&visualizationUrl=https%3A%2F%2Fservices.sentinel-hub.com%2Fogc%2Fwms%2Fbd86bcc0-f318-402b-a145-015f85b9427e,Image 43,ISL,Rainforest,,,,"ISL, Rainforest"
44,Y,2.64796,17.26004,"{""type"":""Polygon"",""coordinates"":[[[17.200642,2.669055],[17.374878,2.671627],[17.501221,2.639733],[17.574177,2.614353],[17.572289,2.548502],[17.41127,2.459667],[17.37299,2.476302],[17.208023,2.619498],[17.200642,2.669055]]]}",@1000m,Republic of Congo,Ipendja,24-Aug-20,24-Sep-20,619.77,13-Jan-20,s3://sentinel-s2-l2a/tiles/33/N/YC/2020/1/13/0,https://apps.sentinel-hub.com/eo-browser/?zoom=13&lat=2.55888&lng=17.37385&themeId=DEFAULT-THEME&datasetId=S2L2A&fromTime=2020-01-13T00%3A00%3A00.000Z&toTime=2020-01-13T23%3A59%3A59.999Z&layerId=1_TRUE_COLOR&visualizationUrl=https%3A%2F%2Fservices.sentinel-hub.com%2Fogc%2Fwms%2Fbd86bcc0-f318-402b-a145-015f85b9427e,Image 44,ISL,Rainforest,,,,"ISL, Rainforest"
45,Y,2.63425,17.18279,"{""type"":""Polygon"",""coordinates"":[[[17.124081,2.678829],[17.213001,2.680201],[17.202015,2.569081],[17.149143,2.579885],[17.124081,2.678829]]]}",@1000m,Republic of Congo,N/A,24-Sep-20,N/A,91.77,2-Feb-20,s3://sentinel-s2-l2a/tiles/33/N/YC/2020/2/2/0,https://apps.sentinel-hub.com/eo-browser/?zoom=13&lat=2.64513&lng=17.17987&themeId=DEFAULT-THEME&datasetId=S2L2A&fromTime=2020-02-02T00%3A00%3A00.000Z&toTime=2020-02-02T23%3A59%3A59.999Z&layerId=1_TRUE_COLOR&visualizationUrl=https%3A%2F%2Fservices.sentinel-hub.com%2Fogc%2Fwms%2Fbd86bcc0-f318-402b-a145-015f85b9427e,Image 45,Habitation,Roads,Shifting cultivation,River,,"Habitation, Roads, Shifting cultivation, River"
46,N,2.62769,11.80678,"{""type"":""Polygon"",""coordinates"":[[[11.754427,2.634588],[11.783438,2.598405],[11.835194,2.588116],[11.85914,2.628758],[11.782751,2.66734],[11.754427,2.634588]]]}",@500m,Cameroon,09-016,4-Oct-20,N/A,59.2,4-Jan-20,s3://sentinel-s2-l2a/tiles/32/N/RJ/2020/1/4/0/,https://apps.sentinel-hub.com/eo-browser/?zoom=14&lat=2.62769&lng=11.80678&themeId=DEFAULT-THEME&datasetId=S2L2A&fromTime=2020-01-24T00%3A00%3A00.000Z&toTime=2020-01-24T23%3A59%3A59.999Z&layerId=1_TRUE_COLOR&visualizationUrl=https%3A%2F%2Fservices.sentinel-hub.com%2Fogc%2Fwms%2Fbd86bcc0-f318-402b-a145-015f85b9427e,Image 46: Rougher terrain ISL,ISL,Rainforest,,,,"ISL, Rainforest"
47,N,2.60479,12.60449,"{""type"":""Polygon"",""coordinates"":[[[12.566471,2.555362],[12.64389,2.571825],[12.622948,2.654308],[12.565098,2.632016],[12.566471,2.555362]]]}",@500m,Cameroon,09-012,4-Oct-20,N/A,69.3,24-Jan-20,s3://sentinel-s2-l2a/tiles/33/N/TC/2020/1/24/0/,https://apps.sentinel-hub.com/eo-browser/?zoom=14&lat=2.60479&lng=12.60449&themeId=DEFAULT-THEME&datasetId=S2L2A&fromTime=2020-01-24T00%3A00%3A00.000Z&toTime=2020-01-24T23%3A59%3A59.999Z&layerId=1_TRUE_COLOR&visualizationUrl=https%3A%2F%2Fservices.sentinel-hub.com%2Fogc%2Fwms%2Fbd86bcc0-f318-402b-a145-015f85b9427e,Image 47: Rougher terrain ISL,ISL,Rainforest,,,,"ISL, Rainforest"
48,Y,2.55828,17.32922,"{""type"":""Polygon"",""coordinates"":[[[17.217808,2.665969],[17.379856,2.465498],[17.462254,2.466184],[17.576065,2.570968],[17.57452,2.640761],[17.254372,2.687574],[17.217808,2.665969]]]}",@1000m,Republic of Congo,Ipendja,25-Aug-20,24-Sep-20,609.49,2-Feb-20,s3://sentinel-s2-l2a/tiles/33/N/YC/2020/2/2/0,https://apps.sentinel-hub.com/eo-browser/?zoom=13&lat=2.55476&lng=17.32904&themeId=DEFAULT-THEME&datasetId=S2L2A&fromTime=2020-02-02T00%3A00%3A00.000Z&toTime=2020-02-02T23%3A59%3A59.999Z&layerId=1_TRUE_COLOR&visualizationUrl=https%3A%2F%2Fservices.sentinel-hub.com%2Fogc%2Fwms%2Fbd86bcc0-f318-402b-a145-015f85b9427e,Image 48,ISL,Rainforest,,,,"ISL, Rainforest"
49,Y,2.4799,20.09296,"{""type"":""Polygon"",""coordinates"":[[[20.22892,2.456065],[20.055542,2.350072],[19.960442,2.429653],[19.957008,2.592232],[20.148582,2.610066],[20.22892,2.456065]]]}",@3000m,DRC,N/A,25-Sep-20,6-Oct-20,610.06,10-Mar-20,s3://sentinel-s2-l2a/tiles/34/N/DH/2020/3/10/0/,https://apps.sentinel-hub.com/eo-browser/?zoom=12&lat=2.4799&lng=20.09296&themeId=DEFAULT-THEME&datasetId=S2L2A&fromTime=2020-03-10T00%3A00%3A00.000Z&toTime=2020-03-10T23%3A59%3A59.999Z&layerId=1_TRUE_COLOR&visualizationUrl=https%3A%2F%2Fservices.sentinel-hub.com%2Fogc%2Fwms%2Fbd86bcc0-f318-402b-a145-015f85b9427e,Image 49: Hab. is Dongo-Kuma,Habitation,Shifting cultivation,Industrial agriculture,Rainforest,Roads,"Habitation, Shifting cultivation, Industrial agriculture, Rainforest, Roads"
50,Y,2.4218,20.4902,"{""type"":""Polygon"",""coordinates"":[[[20.207977,2.366194],[20.360756,2.417305],[20.360756,2.417305],[20.585289,2.39638],[20.815315,2.416276],[20.821152,2.464983],[20.678329,2.44063],[20.640221,2.446804],[20.190468,2.433769],[20.207977,2.366194]]]}",@3000m,DRC,N/A,25-Sep-20,6-Oct-20,313.96,10-Mar-20,s3://sentinel-s2-l2a/tiles/34/N/DH/2020/3/10/0/,https://apps.sentinel-hub.com/eo-browser/?zoom=12&lat=2.41542&lng=20.50598&themeId=DEFAULT-THEME&datasetId=S2L2A&fromTime=2020-03-10T00%3A00%3A00.000Z&toTime=2020-03-10T23%3A59%3A59.999Z&layerId=1_TRUE_COLOR&visualizationUrl=https%3A%2F%2Fservices.sentinel-hub.com%2Fogc%2Fwms%2Fbd86bcc0-f318-402b-a145-015f85b9427e,Image 50: Simple river (Mongala),River,Rainforest,,,,"River, Rainforest"
51,Y,2.34596,20.76605,"{""type"":""Polygon"",""coordinates"":[[[20.764589,2.398353],[20.78476,2.397667],[20.798578,2.349986],[20.790253,2.310022],[20.767851,2.293641],[20.740986,2.287124],[20.739956,2.363964],[20.751543,2.385146],[20.764589,2.398353]]]}",@500m,DRC,N/A,24-Sep-20,6-Oct-20,61.9,10-Mar-20,s3://sentinel-s2-l2a/tiles/34/N/DH/2020/3/10/0/,https://apps.sentinel-hub.com/eo-browser/?zoom=14&lat=2.34274&lng=20.76922&themeId=DEFAULT-THEME&datasetId=S2L2A&fromTime=2020-03-10T00%3A00%3A00.000Z&toTime=2020-03-10T23%3A59%3A59.999Z&layerId=1_TRUE_COLOR&visualizationUrl=https%3A%2F%2Fservices.sentinel-hub.com%2Fogc%2Fwms%2Fbd86bcc0-f318-402b-a145-015f85b9427e,Image 51: Habitation area is narrow N-S scars down the center,Shifting cultivation,Habitation,,,,"Shifting cultivation, Habitation"
52,Y,2.34252,20.53053,"{""type"":""Polygon"",""coordinates"":[[[20.347881,2.402726],[20.708199,2.381973],[20.682278,2.267913],[20.571899,2.258993],[20.386848,2.298787],[20.363674,2.334464],[20.347881,2.402726]]]}",@1000m,DRC,N/A,25-Sep-20,6-Oct-20,484.13,10-Mar-20,s3://sentinel-s2-l2a/tiles/34/N/DH/2020/3/10/0/,https://apps.sentinel-hub.com/eo-browser/?zoom=13&lat=2.33078&lng=20.52813&themeId=DEFAULT-THEME&datasetId=S2L2A&fromTime=2020-03-10T00%3A00%3A00.000Z&toTime=2020-03-10T23%3A59%3A59.999Z&layerId=1_TRUE_COLOR&visualizationUrl=https%3A%2F%2Fservices.sentinel-hub.com%2Fogc%2Fwms%2Fbd86bcc0-f318-402b-a145-015f85b9427e,"Image 52: Hab. is Binga, pop 65K",Habitation,Shifting cultivation,Industrial agriculture,Roads,,"Habitation, Shifting cultivation, Industrial agriculture, Roads"
53,N,2.33430,14.05701,"{""type"":""Polygon"",""coordinates"":[[[14.082069,2.279062],[14.134083,2.331376],[14.00053,2.411988],[13.855476,2.259508],[13.892899,2.232578],[14.002247,2.336007],[14.082069,2.279062]]]}",@500m,Cameroon,10-033,25-Aug-20,24-Sep-20,218.2,30-Dec-19,s3://sentinel-s2-l2a/tiles/33/N/UC/2019/12/30/0/,https://apps.sentinel-hub.com/eo-browser/?zoom=13&lat=2.3222&lng=13.99469&themeId=DEFAULT-THEME&datasetId=S2L2A&fromTime=2019-12-30T00%3A00%3A00.000Z&toTime=2019-12-30T23%3A59%3A59.999Z&layerId=1_TRUE_COLOR&visualizationUrl=https%3A%2F%2Fservices.sentinel-hub.com%2Fogc%2Fwms%2Fbd86bcc0-f318-402b-a145-015f85b9427e,Image 53: Rougher terrain ISL,ISL,Rainforest,,,,"ISL, Rainforest"
54,Y,2.31525,20.90501,"{""type"":""Polygon"",""coordinates"":[[[20.934877,2.290039],[20.920973,2.333091],[20.887156,2.345698],[20.8675,2.308392],[20.882864,2.290382],[20.934877,2.290039]]]}",@500m,DRC,036/11,25-Aug-20,24-Sep-20,31.49,10-Mar-20,s3://sentinel-s2-l2a/tiles/34/N/DH/2020/3/10/0,https://apps.sentinel-hub.com/eo-browser/?zoom=14&lat=2.30964&lng=20.91153&themeId=DEFAULT-THEME&datasetId=S2L2A&fromTime=2020-03-10T00%3A00%3A00.000Z&toTime=2020-03-10T23%3A59%3A59.999Z&layerId=1_TRUE_COLOR&visualizationUrl=https%3A%2F%2Fservices.sentinel-hub.com%2Fogc%2Fwms%2Fbd86bcc0-f318-402b-a145-015f85b9427e,Image 54,ISL,Rainforest,,,,"ISL, Rainforest"
55,Y,2.30102,17.18742,"{""type"":""Polygon"",""coordinates"":[[[16.947441,2.357961],[17.037048,2.48179],[17.298317,2.333606],[17.291107,2.095175],[17.101936,2.094489],[16.947441,2.357961]]]}",@3000m,Republic of Congo,Loundoungou-Toukoulaka,25-Aug-20,25-Sep-20,1110.78,28-Jan-20,s3://sentinel-s2-l2a/tiles/33/N/YC/2020/1/28/0,https://apps.sentinel-hub.com/eo-browser/?zoom=12&lat=2.28781&lng=17.12288&themeId=DEFAULT-THEME&datasetId=S2L2A&fromTime=2020-01-28T00%3A00%3A00.000Z&toTime=2020-01-28T23%3A59%3A59.999Z&layerId=1_TRUE_COLOR&visualizationUrl=https%3A%2F%2Fservices.sentinel-hub.com%2Fogc%2Fwms%2Fbd86bcc0-f318-402b-a145-015f85b9427e,Image 55: Non-ISL road is NW-SE diagonal,ISL,Rainforest,Roads,,,"ISL, Rainforest, Roads"
56,Y,2.2242,20.9571,"{""type"":""Polygon"",""coordinates"":[[[20.771027,2.183347],[20.800552,2.192267],[20.823555,2.193983],[20.846214,2.199815],[20.88913,2.210107],[20.936165,2.21045],[20.963459,2.219713],[20.98526,2.221428],[21.008263,2.216968],[21.035042,2.216625],[21.057358,2.215596],[21.077271,2.215596],[21.09993,2.212508],[21.117783,2.204618],[21.142159,2.208392],[21.170311,2.202902],[21.204643,2.185063],[21.200523,2.226231],[21.160011,2.25642],[21.087227,2.254019],[21.011353,2.246815],[20.915909,2.23618],[20.880203,2.248187],[20.801926,2.212851],[20.779953,2.215939],[20.771027,2.183347]]]}",@3000m,DRC,N/A,25-Sep-20,6-Oct-20,180.78,10-Mar-20,s3://sentinel-s2-l2a/tiles/34/N/DH/2020/3/10/0/,https://apps.sentinel-hub.com/eo-browser/?zoom=12&lat=2.23738&lng=20.9341&themeId=DEFAULT-THEME&datasetId=S2L2A&fromTime=2020-03-10T00%3A00%3A00.000Z&toTime=2020-03-10T23%3A59%3A59.999Z&layerId=1_TRUE_COLOR&visualizationUrl=https%3A%2F%2Fservices.sentinel-hub.com%2Fogc%2Fwms%2Fbd86bcc0-f318-402b-a145-015f85b9427e,Image 56,Roads,Shifting cultivation,,,,"Roads, Shifting cultivation"
57,Y,2.17083,20.06035,"{""type"":""Polygon"",""coordinates"":[[[20.179482,2.357275],[19.949799,2.084539],[19.926796,1.970284],[19.871521,1.974402],[19.963875,2.209421],[20.102577,2.36345],[20.179482,2.357275]]]}",@1000m,DRC,N/A,25-Sep-20,6-Oct-20,323.09,10-Mar-20,s3://sentinel-s2-l2a/tiles/34/N/CH/2020/3/10/0/,https://apps.sentinel-hub.com/eo-browser/?zoom=12&lat=2.17083&lng=20.06035&themeId=DEFAULT-THEME&datasetId=S2L2A&fromTime=2020-03-10T00%3A00%3A00.000Z&toTime=2020-03-10T23%3A59%3A59.999Z&layerId=1_TRUE_COLOR&visualizationUrl=https%3A%2F%2Fservices.sentinel-hub.com%2Fogc%2Fwms%2Fbd86bcc0-f318-402b-a145-015f85b9427e,Image 57: Simple river (Mongala),River,Rainforest,,,,"River, Rainforest"
58,M,2.12974,11.81923,"{""type"":""Polygon"",""coordinates"":[[[11.708164,2.113016],[11.6922,2.14132],[11.69426,2.168767],[11.758289,2.192096],[11.758289,2.192096],[11.83279,2.176657],[11.946259,2.146981],[11.929264,2.067384],[11.744213,2.067899],[11.744213,2.067899],[11.708164,2.113016]]]}",@1000m,Gabon,N/A,6-Oct-20,N/A,301.42,4-Jan-20,s3://sentinel-s2-l2a/tiles/32/N/QH/2020/1/4/0/,https://apps.sentinel-hub.com/eo-browser/?zoom=13&lat=2.12974&lng=11.81923&themeId=DEFAULT-THEME&datasetId=S2L2A&fromTime=2020-01-04T00%3A00%3A00.000Z&toTime=2020-01-04T23%3A59%3A59.999Z&layerId=1_TRUE_COLOR&visualizationUrl=https%3A%2F%2Fservices.sentinel-hub.com%2Fogc%2Fwms%2Fbd86bcc0-f318-402b-a145-015f85b9427e,Image 58: These are NOT ISL so only polygon is needed,Rainforest,Savannah,Industrial agriculture,Roads,,"Rainforest, Savannah, Industrial agriculture, Roads"
59,N,2.09852,16.67416,"{""type"":""Polygon"",""coordinates"":[[[16.552277,2.202731],[16.809254,2.202902],[16.808224,1.992415],[16.593304,1.993101],[16.552277,2.202731]]]}",@1000m,Republic of Congo,Kabo,29-Aug-20,25-Sep-20,613.71,17-May-20,s3://sentinel-s2-l2a/tiles/33/N/XC/2020/5/17/0,https://apps.sentinel-hub.com/eo-browser/?zoom=13&lat=2.09852&lng=16.67416&themeId=DEFAULT-THEME&datasetId=S2L2A&fromTime=2020-05-17T00%3A00%3A00.000Z&toTime=2020-05-17T23%3A59%3A59.999Z&layerId=1_TRUE_COLOR&visualizationUrl=https%3A%2F%2Fservices.sentinel-hub.com%2Fogc%2Fwms%2Fbd86bcc0-f318-402b-a145-015f85b9427e,Image 59: Non-ISL road transects SE corner,ISL,Rainforest,Roads,,,"ISL, Rainforest, Roads"
60,Y,2.0465,20.9111,"{""type"":""Polygon"",""coordinates"":[[[20.107727,1.98744],[21.386261,2.152814],[21.334763,1.953814],[20.983887,1.898914],[20.748367,1.954501],[20.093994,1.882443],[20.107727,1.98744]]]}",@5000m,DRC,N/A,25-Sep-20,6-Oct-20,2259.77,10-Mar-20,s3://sentinel-s2-l2a/tiles/34/N/DH/2020/3/10/0/,https://apps.sentinel-hub.com/eo-browser/?zoom=11&lat=2.01729&lng=20.74013&themeId=DEFAULT-THEME&datasetId=S2L2A&fromTime=2020-03-10T00%3A00%3A00.000Z&toTime=2020-03-10T23%3A59%3A59.999Z&layerId=1_TRUE_COLOR&visualizationUrl=https%3A%2F%2Fservices.sentinel-hub.com%2Fogc%2Fwms%2Fbd86bcc0-f318-402b-a145-015f85b9427e,Image 60: Complex river (Congo),River,Rainforest,,,,"River, Rainforest"
61,Y,1.89876,13.44727,"{""type"":""Polygon"",""coordinates"":[[[13.438854,1.918558],[13.45572,1.918687],[13.455033,1.878797],[13.450055,1.880685],[13.438854,1.918558]]]}",@300m,Republic of Congo,N/A,25-Aug-20,27-Sep-20,5.2,24-Jan-20,s3://sentinel-s2-l2a/tiles/33/N/UC/2020/1/24/0,https://apps.sentinel-hub.com/eo-browser/?zoom=15&lat=1.89876&lng=13.44727&themeId=DEFAULT-THEME&datasetId=S2L2A&fromTime=2020-01-24T00%3A00%3A00.000Z&toTime=2020-01-24T23%3A59%3A59.999Z&layerId=1_TRUE_COLOR&visualizationUrl=https%3A%2F%2Fservices.sentinel-hub.com%2Fogc%2Fwms%2Fbd86bcc0-f318-402b-a145-015f85b9427e,Image 61,Rainforest,Mining,,,,"Rainforest, Mining"
62,Y,1.87687,22.31092,"{""type"":""Polygon"",""coordinates"":[[[22.255039,1.919845],[22.366791,1.919673],[22.365246,1.833889],[22.312889,1.834403],[22.255039,1.919845]]]}",@500m,DRC,52b/14,24-Aug-20,25-Sep-20,86.89,27-Jan-20,s3://sentinel-s2-l2a/tiles/34/N/FH/2020/1/27/0,https://apps.sentinel-hub.com/eo-browser/?zoom=14&lat=1.87687&lng=22.31092&themeId=DEFAULT-THEME&datasetId=S2L2A&fromTime=2020-01-27T00%3A00%3A00.000Z&toTime=2020-01-27T23%3A59%3A59.999Z&layerId=1_TRUE_COLOR&visualizationUrl=https%3A%2F%2Fservices.sentinel-hub.com%2Fogc%2Fwms%2Fbd86bcc0-f318-402b-a145-015f85b9427e,Image 62,ISL,Rainforest,,,,"ISL, Rainforest"
63,Y,1.82643,13.94015,"{""type"":""Polygon"",""coordinates"":[[[13.90852,1.846671],[13.908262,1.81167],[13.971348,1.806179],[13.972034,1.819734],[13.90852,1.846671]]]}",@300m,Republic of Congo,N/A,25-Aug-20,27-Sep-20,19.13,24-Jan-20,s3://sentinel-s2-l2a/tiles/33/N/UC/2020/1/24/0,https://apps.sentinel-hub.com/eo-browser/?zoom=15&lat=1.82643&lng=13.94015&themeId=DEFAULT-THEME&datasetId=S2L2A&fromTime=2020-01-24T00%3A00%3A00.000Z&toTime=2020-01-24T23%3A59%3A59.999Z&layerId=1_TRUE_COLOR&visualizationUrl=https%3A%2F%2Fservices.sentinel-hub.com%2Fogc%2Fwms%2Fbd86bcc0-f318-402b-a145-015f85b9427e,Image 63,Rainforest,Mining,,,,"Rainforest, Mining"
64,N,1.81596,13.30959,"{""type"":""Polygon"",""coordinates"":[[[13.189774,1.739178],[13.194237,1.785333],[13.216553,1.841438],[13.198013,1.893767],[13.403835,1.903203],[13.429413,1.857394],[13.298435,1.729054],[13.189774,1.739178]]]}",@1000m,Republic of Congo,Outside of concession,25-Aug-20,27-Sep-20,362.26,24-Jan-20,s3://sentinel-s2-l2a/tiles/33/N/UC/2020/1/24/0,https://apps.sentinel-hub.com/eo-browser/?zoom=13&lat=1.81596&lng=13.30959&themeId=DEFAULT-THEME&datasetId=S2L2A&fromTime=2020-01-24T00%3A00%3A00.000Z&toTime=2020-01-24T23%3A59%3A59.999Z&layerId=1_TRUE_COLOR&visualizationUrl=https%3A%2F%2Fservices.sentinel-hub.com%2Fogc%2Fwms%2Fbd86bcc0-f318-402b-a145-015f85b9427e,Image 64: Rougher terrain ISL; mining scars at top of polygon,ISL,Rainforest,Mining,,,"ISL, Rainforest, Mining"
65,Y,1.73922,22.14406,"{""type"":""Polygon"",""coordinates"":[[[22.059517,1.777097],[22.228603,1.776067],[22.228088,1.701429],[22.107925,1.702115],[22.059517,1.777097]]]}",@500m,DRC,52b/14,24-Aug-20,25-Sep-20,133.76,11-Feb-20,s3://sentinel-s2-l2a/tiles/34/N/FG/2020/2/11/0,https://apps.sentinel-hub.com/eo-browser/?zoom=14&lat=1.73922&lng=22.14406&themeId=DEFAULT-THEME&datasetId=S2L2A&fromTime=2020-02-11T00%3A00%3A00.000Z&toTime=2020-02-11T23%3A59%3A59.999Z&layerId=1_TRUE_COLOR&visualizationUrl=https%3A%2F%2Fservices.sentinel-hub.com%2Fogc%2Fwms%2Fbd86bcc0-f318-402b-a145-015f85b9427e,Image 65,ISL,Rainforest,,,,"ISL, Rainforest"
66,Y,1.68255,16.07986,"{""type"":""Polygon"",""coordinates"":[[[15.994377,1.882786],[16.12381,1.883816],[16.166725,1.690619],[16.104927,1.631592],[16.149559,1.553688],[16.160545,1.483332],[16.129303,1.481616],[15.992661,1.558836],[15.994377,1.882786]]]}",@3000m,Republic of Congo,N/A,3-Oct20,N/A,674.85,11-Jan-20,s3://sentinel-s2-l2a/tiles/33/N/XB/2020/1/11/0,https://apps.sentinel-hub.com/eo-browser/?zoom=12&lat=1.68255&lng=16.07986&themeId=DEFAULT-THEME&datasetId=S2L2A&fromTime=2020-01-11T00%3A00%3A00.000Z&toTime=2020-01-11T23%3A59%3A59.999Z&layerId=1_TRUE_COLOR&visualizationUrl=https%3A%2F%2Fservices.sentinel-hub.com%2Fogc%2Fwms%2Fbd86bcc0-f318-402b-a145-015f85b9427e,Image 66: Simple and complex rivers,Rainforest,Habitation,River,Shifting cultivation,Roads,"Rainforest, Habitation, River, Shifting cultivation, Roads"
67,Y,1.64652,22.5,"{""type"":""Polygon"",""coordinates"":[[[22.281647,1.797686],[22.281647,1.585605],[22.828217,1.482645],[22.82444,1.718073],[22.281647,1.797686]]]}",@3000m,DRC,N/A,25-Sep-20,6-Oct-20,1507.52,11-Feb-20,s3://sentinel-s2-l2a/tiles/34/N/FG/2020/2/11/0,https://apps.sentinel-hub.com/eo-browser/?zoom=12&lat=1.64652&lng=22.5&themeId=DEFAULT-THEME&datasetId=S2L2A&fromTime=2020-02-11T00%3A00%3A00.000Z&toTime=2020-02-11T23%3A59%3A59.999Z&layerId=1_TRUE_COLOR&visualizationUrl=https%3A%2F%2Fservices.sentinel-hub.com%2Fogc%2Fwms%2Fbd86bcc0-f318-402b-a145-015f85b9427e,"Image 67: Pure rainforest, flat terrain",Rainforest,,,,,Rainforest
68,Y*,1.64420,16.29805,"{""type"":""Polygon"",""coordinates"":[[[16.166897,1.717901],[16.38319,1.722877],[16.429024,1.646693],[16.422844,1.573594],[16.184921,1.565529],[16.166897,1.717901]]]}",@1000m,Republic of Congo,Ngombe,25-Aug-20,3-Oct-20,450.3,11-Jan-20,s3://sentinel-s2-l2a/tiles/33/N/XB/2020/1/11/0,https://apps.sentinel-hub.com/eo-browser/?zoom=13&lat=1.6442&lng=16.29805&themeId=DEFAULT-THEME&datasetId=S2L2A&fromTime=2020-01-11T00%3A00%3A00.000Z&toTime=2020-01-11T23%3A59%3A59.999Z&layerId=1_TRUE_COLOR&visualizationUrl=https%3A%2F%2Fservices.sentinel-hub.com%2Fogc%2Fwms%2Fbd86bcc0-f318-402b-a145-015f85b9427e,Image 68,ISL,Rainforest,Roads,,,"ISL, Rainforest, Roads"
69,N,1.55206,13.169,"{""type"":""Polygon"",""coordinates"":[[[13.116646,1.637083],[13.179302,1.63777],[13.210716,1.548369],[13.221188,1.466343],[13.184967,1.467887],[13.123512,1.563469],[13.116646,1.637083]]]}",@1000m,Republic of Congo,N/A,25-Aug-20,27-Sep-20,138.13,24-Jan-20,s3://sentinel-s2-l2a/tiles/33/N/UC/2020/1/24/0/,https://apps.sentinel-hub.com/eo-browser/?zoom=13&lat=1.55206&lng=13.169&themeId=DEFAULT-THEME&datasetId=S2L2A&fromTime=2020-01-24T00%3A00%3A00.000Z&toTime=2020-01-24T23%3A59%3A59.999Z&layerId=1_TRUE_COLOR&visualizationUrl=https%3A%2F%2Fservices.sentinel-hub.com%2Fogc%2Fwms%2Fbd86bcc0-f318-402b-a145-015f85b9427e,Image 69: Simple river (Lvindio),Rainforest,Mining,River,,,"Rainforest, Mining, River"
70,Y,1.40276,10.29076,"{""type"":""Polygon"",""coordinates"":[[[10.261574,1.463426],[10.217457,1.416577],[10.256939,1.341754],[10.294189,1.359774],[10.294189,1.359774],[10.363884,1.464112],[10.261574,1.463426]]]}",@1000m,Equatorial Guinea,Outside of concession,25-Aug-20,3-Oct-20,125.29,12-Jan-20,s3://sentinel-s2-l2a/tiles/32/N/PG/2020/1/12/0/,https://apps.sentinel-hub.com/eo-browser/?zoom=13&lat=1.40276&lng=10.29076&themeId=DEFAULT-THEME&datasetId=S2L2A&fromTime=2020-01-12T00%3A00%3A00.000Z&toTime=2020-01-12T23%3A59%3A59.999Z&layerId=1_TRUE_COLOR&visualizationUrl=https%3A%2F%2Fservices.sentinel-hub.com%2Fogc%2Fwms%2Fbd86bcc0-f318-402b-a145-015f85b9427e,Image 70: Rougher terrain ISL,ISL,Rainforest,,,,"ISL, Rainforest"
71,Y,1.34283,17.14992,"{""type"":""Polygon"",""coordinates"":[[[17.123051,1.373674],[17.176781,1.374704],[17.171459,1.310864],[17.125626,1.31258],[17.123051,1.373674]]]}",@500m,Republic of Congo,N/A,4-Oct-20,N/A,38.53,13-Jan-20,s3://sentinel-s2-l2a/tiles/33/M/YT/2020/1/13/0/,https://apps.sentinel-hub.com/eo-browser/?zoom=14&lat=1.34283&lng=17.14992&themeId=DEFAULT-THEME&datasetId=S2L2A&fromTime=2020-01-13T00%3A00%3A00.000Z&toTime=2020-01-13T23%3A59%3A59.999Z&layerId=1_TRUE_COLOR&visualizationUrl=https%3A%2F%2Fservices.sentinel-hub.com%2Fogc%2Fwms%2Fbd86bcc0-f318-402b-a145-015f85b9427e,Image 71: Water (Lac T√©l√©),Rainforest,Water,,,,"Rainforest, Water"
72,Y,1.31833,10.48079,"{""type"":""Polygon"",""coordinates"":[[[10.312729,1.362691],[10.347576,1.382427],[10.408516,1.398901],[10.464478,1.439916],[10.517006,1.440602],[10.573654,1.26487],[10.408173,1.250282],[10.298481,1.340038],[10.312729,1.362691]]]}",@1000m,Equatorial Guinea,Outside of concession,4-Oct-20,N/A,413.46,12-Jan-20,s3://sentinel-s2-l2a/tiles/32/N/PG/2020/1/12/0/,https://apps.sentinel-hub.com/eo-browser/?zoom=13&lat=1.31833&lng=10.48079&themeId=DEFAULT-THEME&datasetId=S2L2A&fromTime=2020-01-12T00%3A00%3A00.000Z&toTime=2020-01-12T23%3A59%3A59.999Z&layerId=1_TRUE_COLOR&visualizationUrl=https%3A%2F%2Fservices.sentinel-hub.com%2Fogc%2Fwms%2Fbd86bcc0-f318-402b-a145-015f85b9427e,Image 72: Non-ISL road is NE-SW diagonal; rougher terrain ISL,ISL,Rainforest,Roads,,,"ISL, Rainforest, Roads"
73,Y,1.29827,23.42225,"{""type"":""Polygon"",""coordinates"":[[[23.404312,1.302454],[23.413582,1.277227],[23.423023,1.277741],[23.440189,1.313781],[23.408947,1.319273],[23.404312,1.302454]]]}",@300m,DRC,064/14,6-Oct-20,N/A,11.72,27-Jan-20,s3://sentinel-s2-l2a/tiles/34/N/GG/2020/1/27/0/,https://apps.sentinel-hub.com/eo-browser/?zoom=15&lat=1.29827&lng=23.42225&themeId=DEFAULT-THEME&datasetId=S2L2A&fromTime=2020-01-27T00%3A00%3A00.000Z&toTime=2020-01-27T23%3A59%3A59.999Z&layerId=1_TRUE_COLOR&visualizationUrl=https%3A%2F%2Fservices.sentinel-hub.com%2Fogc%2Fwms%2Fbd86bcc0-f318-402b-a145-015f85b9427e,Image 73,ISL,Rainforest,,,,"ISL, Rainforest"
74,Y,1.21304,10.81673,"{""type"":""Polygon"",""coordinates"":[[[10.621033,1.384486],[10.801277,1.27122],[11.040573,1.272936],[10.999031,1.041241],[10.737419,1.088268],[10.632362,1.065956],[10.597343,1.191587],[10.59288,1.35085],[10.621033,1.384486]]]}",@3000m,Equatorial Guinea,Outside of concession,4-Oct-20,N/A,1205.04,12-Jan-20,s3://sentinel-s2-l2a/tiles/32/N/PG/2020/1/12/0/,https://apps.sentinel-hub.com/eo-browser/?zoom=12&lat=1.21304&lng=10.81673&themeId=DEFAULT-THEME&datasetId=S2L2A&fromTime=2020-01-12T00%3A00%3A00.000Z&toTime=2020-01-12T23%3A59%3A59.999Z&layerId=1_TRUE_COLOR&visualizationUrl=https%3A%2F%2Fservices.sentinel-hub.com%2Fogc%2Fwms%2Fbd86bcc0-f318-402b-a145-015f85b9427e,Image 74: Non-ISL road is N-S down middle of polygon; rougher terrain ISL,ISL,Rainforest,Roads,,,"ISL, Rainforest, Roads"
75,Y,1.19382,15.58479,"{""type"":""Polygon"",""coordinates"":[[[15.325584,1.378651],[15.848808,1.39135],[15.615692,0.995929],[15.446091,1.011376],[15.320778,1.215958],[15.325584,1.378651]]]}",@3000m,Republic of Congo,Ngombe,29-Aug-20,25-Sep-20,1770.01,15-Feb-20,s3://sentinel-s2-l2a/tiles/33/N/WB/2020/2/15/0,https://apps.sentinel-hub.com/eo-browser/?zoom=12&lat=1.19382&lng=15.58479&themeId=DEFAULT-THEME&datasetId=S2L2A&fromTime=2020-02-15T00%3A00%3A00.000Z&toTime=2020-02-15T23%3A59%3A59.999Z&layerId=1_TRUE_COLOR&visualizationUrl=https%3A%2F%2Fservices.sentinel-hub.com%2Fogc%2Fwms%2Fbd86bcc0-f318-402b-a145-015f85b9427e,Image 75,ISL,Rainforest,,,,"ISL, Rainforest"
76,N,1.17979,13.14145,"{""type"":""Polygon"",""coordinates"":[[[13.175697,1.12534],[13.059998,1.134264],[13.141022,1.226255],[13.222389,1.23415],[13.222904,1.160008],[13.175697,1.12534]]]}",@500m,Gabon,Outside of concession,25-Aug-20,4-Oct-20,144.76,10-Nov-19,s3://sentinel-s2-l2a/tiles/33/N/TB/2019/11/10/0,https://apps.sentinel-hub.com/eo-browser/?zoom=14&lat=1.17979&lng=13.14145&themeId=DEFAULT-THEME&datasetId=S2L2A&fromTime=2019-11-10T00%3A00%3A00.000Z&toTime=2019-11-10T23%3A59%3A59.999Z&layerId=1_TRUE_COLOR&visualizationUrl=https%3A%2F%2Fservices.sentinel-hub.com%2Fogc%2Fwms%2Fbd86bcc0-f318-402b-a145-015f85b9427e,Image 76: Rougher terrain ISL; cloudy; simple river (Ivindo) along E-NE edge of polygon,ISL,Rainforest,River,,,"ISL, Rainforest, River"
77,N*,1.14465,13.49001,"{""type"":""Polygon"",""coordinates"":[[[13.423405,1.193475],[13.526917,1.214242],[13.602791,1.161381],[13.585796,1.106975],[13.377228,1.074709],[13.430271,1.141988],[13.423405,1.193475]]]}",@1000m,Gabon,Sundry Gabon Nord-Est,24-Aug-20,4-Oct-20,231.93,15-Nov-18,s3://sentinel-s2-l2a/tiles/33/N/UB/2018/11/15/0,https://apps.sentinel-hub.com/eo-browser/?zoom=13&lat=1.14465&lng=13.49001&themeId=DEFAULT-THEME&datasetId=S2L2A&fromTime=2018-11-15T00%3A00%3A00.000Z&toTime=2018-11-15T23%3A59%3A59.999Z&layerId=1_TRUE_COLOR&visualizationUrl=https%3A%2F%2Fservices.sentinel-hub.com%2Fogc%2Fwms%2Fbd86bcc0-f318-402b-a145-015f85b9427e,Image 77: Rougher terrain ISL; cloudy,ISL,Rainforest,,,,"ISL, Rainforest"
78,Y*,1.09359,16.11729,"{""type"":""Polygon"",""coordinates"":[[[15.837479,1.224196],[16.412888,1.22248],[16.399841,0.962975],[15.821686,0.97499],[15.837479,1.224196]]]}",@3000m,Republic of Congo,N/A,25-Sep-20,N/A,1818.9,15-Feb-20,s3://sentinel-s2-l2a/tiles/33/N/XB/2020/2/15/0/,https://apps.sentinel-hub.com/eo-browser/?zoom=12&lat=1.09359&lng=16.11729&themeId=DEFAULT-THEME&datasetId=S2L2A&fromTime=2020-02-15T00%3A00%3A00.000Z&toTime=2020-02-15T23%3A59%3A59.999Z&layerId=1_TRUE_COLOR&visualizationUrl=https%3A%2F%2Fservices.sentinel-hub.com%2Fogc%2Fwms%2Fbd86bcc0-f318-402b-a145-015f85b9427e,"Image 78: Pure rainforest, flat terrain",Rainforest,,,,,Rainforest
79,Y*,1.0705,25.59763,"{""type"":""Polygon"",""coordinates"":[[[25.57909,1.136152],[25.630932,1.144734],[25.688438,1.104401],[25.583725,0.995929],[25.506821,1.00228],[25.528278,1.097021],[25.57909,1.136152]]]}",@1000m,DRC,018/11,6-Oct-20,N/A,201.33,14-Jan-20,s3://sentinel-s2-l2a/tiles/35/N/LA/2020/1/14/0/,https://apps.sentinel-hub.com/eo-browser/?zoom=13&lat=1.0705&lng=25.59763&themeId=DEFAULT-THEME&datasetId=S2L2A&fromTime=2020-01-14T00%3A00%3A00.000Z&toTime=2020-01-14T23%3A59%3A59.999Z&layerId=1_TRUE_COLOR&visualizationUrl=https%3A%2F%2Fservices.sentinel-hub.com%2Fogc%2Fwms%2Fbd86bcc0-f318-402b-a145-015f85b9427e,Image 79,ISL,Rainforest,,,,"ISL, Rainforest"
80,Y,0.77769,21.14782,"{""type"":""Polygon"",""coordinates"":[[[20.975647,0.883334],[20.969467,0.848663],[21.315536,0.671867],[21.32618,0.695212],[21.142845,0.782065],[21.105423,0.839051],[20.975647,0.883334]]]}",@1000m,DRC,N/A,4-Oct-20,N/A,154.7,14-Apr-20,s3://sentinel-s2-l2a/tiles/34/N/EF/2020/4/14/0/,https://apps.sentinel-hub.com/eo-browser/?zoom=13&lat=0.77769&lng=21.14782&themeId=DEFAULT-THEME&datasetId=S2L2A&fromTime=2020-04-14T00%3A00%3A00.000Z&toTime=2020-04-14T23%3A59%3A59.999Z&layerId=1_TRUE_COLOR&visualizationUrl=https%3A%2F%2Fservices.sentinel-hub.com%2Fogc%2Fwms%2Fbd86bcc0-f318-402b-a145-015f85b9427e,Image 80: Simple river,Rainforest,River,,,,"Rainforest, River"
81,Y,0.70345,20.6694,"{""type"":""Polygon"",""coordinates"":[[[20.163345,1.098565],[20.23613,0.580206],[20.904236,0.307616],[21.175461,0.420223],[20.736008,1.023047],[20.163345,1.098565]]]}",@5000m,DRC,N/A,4-Oct-20,N/A,5801.83,14-Apr-20,s3://sentinel-s2-l2a/tiles/34/N/EF/2020/4/14/0/,https://apps.sentinel-hub.com/eo-browser/?zoom=11&lat=0.70345&lng=20.6694&themeId=DEFAULT-THEME&datasetId=S2L2A&fromTime=2020-04-14T00%3A00%3A00.000Z&toTime=2020-04-14T23%3A59%3A59.999Z&layerId=1_TRUE_COLOR&visualizationUrl=https%3A%2F%2Fservices.sentinel-hub.com%2Fogc%2Fwms%2Fbd86bcc0-f318-402b-a145-015f85b9427e,Image 81: Simple river (Maringa),Rainforest,River,Habitation,Shifting cultivation,,"Rainforest, River, Habitation, Shifting cultivation"
82,Y,0.67178,21.09821,"{""type"":""Polygon"",""coordinates"":[[[20.984745,0.763699],[21.102848,0.765415],[21.211681,0.577974],[20.989037,0.599602],[20.984745,0.763699]]]}",@1000m,DRC,009/11,24-Aug-20,4-Oct-20,384.09,14-Apr-20,s3://sentinel-s2-l2a/tiles/34/N/EF/2020/4/14/0/,https://apps.sentinel-hub.com/eo-browser/?zoom=13&lat=0.67178&lng=21.09821&themeId=DEFAULT-THEME&datasetId=S2L2A&fromTime=2020-04-14T00%3A00%3A00.000Z&toTime=2020-04-14T23%3A59%3A59.999Z&layerId=1_TRUE_COLOR&visualizationUrl=https%3A%2F%2Fservices.sentinel-hub.com%2Fogc%2Fwms%2Fbd86bcc0-f318-402b-a145-015f85b9427e,Image 82: Mixes new (west) and revegetating (east) roads,ISL,Rainforest,,,,"ISL, Rainforest"
83,M,0.42434,15.46618,"{""type"":""Polygon"",""coordinates"":[[[15.37056,0.473093],[15.56179,0.47172],[15.556984,0.375592],[15.382233,0.379369],[15.37056,0.473093]]]}",@500m,Republic of Congo,Outside of concession,24-Aug-20,4-Oct-20,215.14,15-Feb-20,s3://sentinel-s2-l2a/tiles/33/N/WA/2020/2/15/0,https://apps.sentinel-hub.com/eo-browser/?zoom=14&lat=0.42434&lng=15.46618&themeId=DEFAULT-THEME&datasetId=S2L2A&fromTime=2020-02-15T00%3A00%3A00.000Z&toTime=2020-02-15T23%3A59%3A59.999Z&layerId=1_TRUE_COLOR&visualizationUrl=https%3A%2F%2Fservices.sentinel-hub.com%2Fogc%2Fwms%2Fbd86bcc0-f318-402b-a145-015f85b9427e,Image 83: Non-ISL road is N-S on west side of polygon,ISL,Rainforest,Roads,,,"ISL, Rainforest, Roads"
84,Y,0.22702,14.24807,"{""type"":""Polygon"",""coordinates"":[[[14.162922,0.294226],[14.210987,0.290965],[14.344025,0.211143],[14.294071,0.179386],[14.155025,0.16016],[14.152107,0.245132],[14.162922,0.294226]]]}",@1000m,Republic of Congo,Kelle-Mbomo,25-Aug-20,4-Oct-20,203.58,15-Feb-20,s3://sentinel-s2-l2a/tiles/33/N/VA/2020/2/15/0/,https://apps.sentinel-hub.com/eo-browser/?zoom=13&lat=0.22702&lng=14.24807&themeId=DEFAULT-THEME&datasetId=S2L2A&fromTime=2020-02-15T00%3A00%3A00.000Z&toTime=2020-02-15T23%3A59%3A59.999Z&layerId=1_TRUE_COLOR&visualizationUrl=https%3A%2F%2Fservices.sentinel-hub.com%2Fogc%2Fwms%2Fbd86bcc0-f318-402b-a145-015f85b9427e,Image 84: Non-ISL road is N-S on west side of polygon; mining is bottom center,ISL,Rainforest,Roads,Mining,,"ISL, Rainforest, Roads, Mining"
85,Y,0.22127,15.53432,"{""type"":""Polygon"",""coordinates"":[[[15.34584,-0.036049],[15.330734,-0.41061],[15.737915,-0.377309],[15.619812,-0.031586],[15.34584,-0.036049]]]}",@3000m,Republic of Congo,N/A,4-Oct-20,N/A,1531.99,15-Feb-20,s3://sentinel-s2-l2a/tiles/33/M/WV/2020/2/15/0/,https://apps.sentinel-hub.com/eo-browser/?zoom=12&lat=-0.22127&lng=15.53432&themeId=DEFAULT-THEME&datasetId=S2L2A&fromTime=2020-02-15T00%3A00%3A00.000Z&toTime=2020-02-15T23%3A59%3A59.999Z&layerId=1_TRUE_COLOR&visualizationUrl=https%3A%2F%2Fservices.sentinel-hub.com%2Fogc%2Fwms%2Fbd86bcc0-f318-402b-a145-015f85b9427e,Image 85,Rainforest,Roads,Shifting cultivation,Savannah,,"Rainforest, Roads, Shifting cultivation, Savannah"
86,Y,0.11373,14.34523,"{""type"":""Polygon"",""coordinates"":[[[14.219227,0.165138],[14.288063,0.179558],[14.43552,0.174579],[14.471054,0.117245],[14.460754,0.109777],[14.357758,0.104198],[14.310207,0.047894],[14.231758,0.084457],[14.219227,0.165138]]]}",@1000m,Republic of Congo,N/A,4-Oct-20,N/A,255.26,15-Feb-20,s3://sentinel-s2-l2a/tiles/33/N/VA/2020/2/15/0/,https://apps.sentinel-hub.com/eo-browser/?zoom=13&lat=0.11373&lng=14.34523&themeId=DEFAULT-THEME&datasetId=S2L2A&fromTime=2020-02-15T00%3A00%3A00.000Z&toTime=2020-02-15T23%3A59%3A59.999Z&layerId=1_TRUE_COLOR&visualizationUrl=https%3A%2F%2Fservices.sentinel-hub.com%2Fogc%2Fwms%2Fbd86bcc0-f318-402b-a145-015f85b9427e,Image 86,Rainforest,Mining,,,,"Rainforest, Mining"
87,Y,0.03199,14.83905,"{""type"":""Polygon"",""coordinates"":[[[14.815235,-0.017252],[14.814377,-0.047808],[14.862785,-0.047379],[14.863687,-0.016093],[14.815235,-0.017252]]]}",@300m,Republic of Congo,N/A,4-Oct-20,N/A,18.55,11-Jan-20,s3://sentinel-s2-l2a/tiles/33/N/VA/2020/1/11/0/,https://apps.sentinel-hub.com/eo-browser/?zoom=15&lat=-0.03199&lng=14.83905&themeId=DEFAULT-THEME&datasetId=S2L2A&fromTime=2020-01-11T00%3A00%3A00.000Z&toTime=2020-01-11T23%3A59%3A59.999Z&layerId=1_TRUE_COLOR&visualizationUrl=https%3A%2F%2Fservices.sentinel-hub.com%2Fogc%2Fwms%2Fbd86bcc0-f318-402b-a145-015f85b9427e,Image 87,Rainforest,Roads,Industrial agriculture,Shifting cultivation,,"Rainforest, Roads, Industrial agriculture, Shifting cultivation"
88,Y,-0.17655,15.19718,"{""type"":""Polygon"",""coordinates"":[[[15.073929,-0.107632],[15.118904,-0.112438],[15.325069,-0.211486],[15.306702,-0.245303],[15.069466,-0.188656],[15.073929,-0.107632]]]}",@1000m,Republic of Congo,Makoua,29-Aug-20,4-Oct-20,206.57,15-Feb-20,s3://sentinel-s2-l2a/tiles/33/M/WV/2020/2/15/0,https://apps.sentinel-hub.com/eo-browser/?zoom=13&lat=-0.17655&lng=15.19718&themeId=DEFAULT-THEME&datasetId=S2L2A&fromTime=2020-02-15T00%3A00%3A00.000Z&toTime=2020-02-15T23%3A59%3A59.999Z&layerId=1_TRUE_COLOR&visualizationUrl=https%3A%2F%2Fservices.sentinel-hub.com%2Fogc%2Fwms%2Fbd86bcc0-f318-402b-a145-015f85b9427e,Image 88: Rougher terrain ISL,ISL,Rainforest,,,,"ISL, Rainforest"
89,Y,-0.31053,14.87583,"{""type"":""Polygon"",""coordinates"":[[[15.079765,-0.21595],[15.083199,-0.285987],[14.949989,-0.4676],[14.690094,-0.448032],[14.668465,-0.153465],[15.079765,-0.21595]]]}",@3000m,Republic of Congo,Tsama-Mbama,29-Aug-20,4-Oct-20,1224.93,15-Feb-20,s3://sentinel-s2-l2a/tiles/33/M/VV/2020/2/15/0,https://apps.sentinel-hub.com/eo-browser/?zoom=12&lat=-0.31053&lng=14.87583&themeId=DEFAULT-THEME&datasetId=S2L2A&fromTime=2020-02-15T00%3A00%3A00.000Z&toTime=2020-02-15T23%3A59%3A59.999Z&layerId=1_TRUE_COLOR&visualizationUrl=https%3A%2F%2Fservices.sentinel-hub.com%2Fogc%2Fwms%2Fbd86bcc0-f318-402b-a145-015f85b9427e,Image 89: Non-ISL road is N-S down polygon center,ISL,Rainforest,Roads,,,"ISL, Rainforest, Roads"
90,N,-0.47262,19.85238,"{""type"":""Polygon"",""coordinates"":[[[19.870663,-0.518153],[19.860535,-0.453525],[19.8456,-0.427004],[19.834099,-0.431982],[19.838047,-0.482191],[19.870663,-0.518153]]]}",@500m,DRC,024/11,6-Oct-20,N/A,20.85,15-Jan-20,s3://sentinel-s2-l2a/tiles/34/M/CE/2020/1/15/0/,https://apps.sentinel-hub.com/eo-browser/?zoom=14&lat=-0.47262&lng=19.85238&themeId=DEFAULT-THEME&datasetId=S2L2A&fromTime=2020-01-15T00%3A00%3A00.000Z&toTime=2020-01-15T23%3A59%3A59.999Z&layerId=1_TRUE_COLOR&visualizationUrl=https%3A%2F%2Fservices.sentinel-hub.com%2Fogc%2Fwms%2Fbd86bcc0-f318-402b-a145-015f85b9427e,Image 90,ISL,Rainforest,,,,"ISL, Rainforest"
91,N,-0.56656,19.69196,"{""type"":""Polygon"",""coordinates"":[[[19.85178,-0.512402],[19.849892,-0.578489],[19.820881,-0.645433],[19.715824,-0.626723],[19.532318,-0.519784],[19.608364,-0.487856],[19.730759,-0.580892],[19.759769,-0.539009],[19.85178,-0.512402]]]}",@1000m,DRC,024/11,6-Oct-20,N/A,278.44,15-Jan-20,s3://sentinel-s2-l2a/tiles/34/M/CE/2020/1/15/0/,https://apps.sentinel-hub.com/eo-browser/?zoom=13&lat=-0.56656&lng=19.69196&themeId=DEFAULT-THEME&datasetId=S2L2A&fromTime=2020-01-15T00%3A00%3A00.000Z&toTime=2020-01-15T23%3A59%3A59.999Z&layerId=1_TRUE_COLOR&visualizationUrl=https%3A%2F%2Fservices.sentinel-hub.com%2Fogc%2Fwms%2Fbd86bcc0-f318-402b-a145-015f85b9427e,Image 91,ISL,Rainforest,Shifting cultivation,,,"ISL, Rainforest, Shifting cultivation"
92,Y,-2.39741,18.34579,"{""type"":""Polygon"",""coordinates"":[[[18.280563,-2.084882],[18.188553,-2.442688],[18.203316,-2.552447],[18.17173,-2.690318],[18.236275,-2.708837],[18.427505,-2.591889],[18.388367,-2.440287],[18.519516,-2.120564],[18.280563,-2.084882]]]}",@5000m,DRC,N/A,4-Oct-20,N/A,1547.71,12-Aug-20,s3://sentinel-s2-l2a/tiles/34/M/BC/2020/8/12/0,https://apps.sentinel-hub.com/eo-browser/?zoom=11&lat=-2.39741&lng=18.34579&themeId=DEFAULT-THEME&datasetId=S2L2A&fromTime=2020-08-12T00%3A00%3A00.000Z&toTime=2020-08-12T23%3A59%3A59.999Z&layerId=1_TRUE_COLOR&visualizationUrl=https%3A%2F%2Fservices.sentinel-hub.com%2Fogc%2Fwms%2Fbd86bcc0-f318-402b-a145-015f85b9427e,Image 92: Water (Lake Mai-Ndombe),Rainforest,Shifting cultivation,Roads,Water,Habitation,"Rainforest, Shifting cultivation, Roads, Water, Habitation"
93,N,-2.43557,18.53565,"{""type"":""Polygon"",""coordinates"":[[[18.445616,-2.371683],[18.529129,-2.370825],[18.51428,-2.462839],[18.43257,-2.411645],[18.445616,-2.371683]]]}",@1000m,DRC,048/12,25-Aug-20,4-Oct-20,212.51,12-Aug-20,s3://sentinel-s2-l2a/tiles/34/M/BC/2020/8/12/0,https://apps.sentinel-hub.com/eo-browser/?zoom=13&lat=-2.43557&lng=18.53565&themeId=DEFAULT-THEME&datasetId=S2L2A&fromTime=2020-08-12T00%3A00%3A00.000Z&toTime=2020-08-12T23%3A59%3A59.999Z&layerId=1_TRUE_COLOR&visualizationUrl=https%3A%2F%2Fservices.sentinel-hub.com%2Fogc%2Fwms%2Fbd86bcc0-f318-402b-a145-015f85b9427e,Image 93,ISL,Rainforest,Shifting cultivation,,,"ISL, Rainforest, Shifting cultivation"
94,N,-2.48586,18.60423,"{""type"":""Polygon"",""coordinates"":[[[18.610582,-2.514375],[18.619595,-2.495682],[18.610497,-2.473987],[18.598909,-2.457437],[18.590155,-2.457266],[18.588781,-2.488736],[18.610582,-2.514375]]]}",@500m,DRC,048/12,6-Oct-20,N/A,12.69,12-Aug-20,s3://sentinel-s2-l2a/tiles/33/M/ZT/2020/8/12/0/,https://apps.sentinel-hub.com/eo-browser/?zoom=14&lat=-2.48586&lng=18.60423&themeId=DEFAULT-THEME&datasetId=S2L2A&fromTime=2020-08-12T00%3A00%3A00.000Z&toTime=2020-08-12T23%3A59%3A59.999Z&layerId=1_TRUE_COLOR&visualizationUrl=https%3A%2F%2Fservices.sentinel-hub.com%2Fogc%2Fwms%2Fbd86bcc0-f318-402b-a145-015f85b9427e,Image 94,ISL,Rainforest,,,,"ISL, Rainforest"
95,N,-2.63821,18.80911,"{""type"":""Polygon"",""coordinates"":[[[18.795612,-2.64238],[18.796062,-2.643248],[18.811727,-2.64193],[18.814602,-2.644491],[18.817606,-2.643398],[18.822606,-2.643034],[18.822241,-2.63716],[18.815331,-2.631909],[18.809388,-2.633324],[18.797779,-2.63969],[18.795612,-2.64238]]]}",@100m,DRC,N/A,4-Oct-20,N/A,2.46,12-Aug-20,s3://sentinel-s2-l2a/tiles/34/M/BC/2020/8/12/0/,https://apps.sentinel-hub.com/eo-browser/?zoom=17&lat=-2.63821&lng=18.80911&themeId=DEFAULT-THEME&datasetId=S2L2A&fromTime=2020-08-12T00%3A00%3A00.000Z&toTime=2020-08-12T23%3A59%3A59.999Z&layerId=1_TRUE_COLOR&visualizationUrl=https%3A%2F%2Fservices.sentinel-hub.com%2Fogc%2Fwms%2Fbd86bcc0-f318-402b-a145-015f85b9427e,Image 95,Fire,,,,,Fire
96,N,-2.63893,17.98114,"{""type"":""Polygon"",""coordinates"":[[[17.972131,-2.640376],[17.971873,-2.642819],[17.982388,-2.643848],[17.990413,-2.640333],[17.990069,-2.634031],[17.972131,-2.640376]]]}",@100m,DRC,N/A,4-Oct-20,N/A,1.27,12-Aug-20,s3://sentinel-s2-l2a/tiles/34/M/BC/2020/8/12/0,https://apps.sentinel-hub.com/eo-browser/?zoom=17&lat=-2.63893&lng=17.98114&themeId=DEFAULT-THEME&datasetId=S2L2A&fromTime=2020-08-12T00%3A00%3A00.000Z&toTime=2020-08-12T23%3A59%3A59.999Z&layerId=1_TRUE_COLOR&visualizationUrl=https%3A%2F%2Fservices.sentinel-hub.com%2Fogc%2Fwms%2Fbd86bcc0-f318-402b-a145-015f85b9427e,Image 96,Fire,,,,,Fire
97,N,-2.70602,18.07841,"{""type"":""Polygon"",""coordinates"":[[[18.066158,-2.711194],[18.066244,-2.707722],[18.086715,-2.700863],[18.090663,-2.705622],[18.088818,-2.711194],[18.066158,-2.711194]]]}",@100m,DRC,N/A,4-Oct-20,N/A,2.08,12-Aug-20,s3://sentinel-s2-l2a/tiles/34/M/BC/2020/8/12/0,https://apps.sentinel-hub.com/eo-browser/?zoom=17&lat=-2.70602&lng=18.07841&themeId=DEFAULT-THEME&datasetId=S2L2A&fromTime=2020-08-12T00%3A00%3A00.000Z&toTime=2020-08-12T23%3A59%3A59.999Z&layerId=1_TRUE_COLOR&visualizationUrl=https%3A%2F%2Fservices.sentinel-hub.com%2Fogc%2Fwms%2Fbd86bcc0-f318-402b-a145-015f85b9427e,Image 97,Fire,Shifting cultivation,,,,"Fire, Shifting cultivation"
98,N,-2.85049,19.19509,"{""type"":""Polygon"",""coordinates"":[[[19.173546,-2.851234],[19.205818,-2.838632],[19.218607,-2.845233],[19.217148,-2.854748],[19.205303,-2.862378],[19.171572,-2.856377],[19.173546,-2.851234]]]}",@200m,DRC,N/A,6-Oct-20,N/A,8.38,12-Aug-20,s3://sentinel-s2-l2a/tiles/34/M/BB/2020/8/12/0/,https://apps.sentinel-hub.com/eo-browser/?zoom=16&lat=-2.85049&lng=19.19509&themeId=DEFAULT-THEME&datasetId=S2L2A&fromTime=2020-08-12T00%3A00%3A00.000Z&toTime=2020-08-12T23%3A59%3A59.999Z&layerId=1_TRUE_COLOR&visualizationUrl=https%3A%2F%2Fservices.sentinel-hub.com%2Fogc%2Fwms%2Fbd86bcc0-f318-402b-a145-015f85b9427e,Image 98,Fire,Savannah,,,,"Fire, Savannah"
99,M,-3.08219,19.18118,"{""type"":""Polygon"",""coordinates"":[[[19.272423,-3.134346],[19.152775,-3.135717],[19.089947,-3.056696],[19.120846,-3.029784],[19.161015,-3.028584],[19.18642,-3.073667],[19.257145,-3.074866],[19.272423,-3.134346]]]}",@500m,DRC,039/11,25-Aug-20,4-Oct-20,142.83,12-Aug-20,s3://sentinel-s2-l2a/tiles/34/M/CB/2020/8/12/0,https://apps.sentinel-hub.com/eo-browser/?zoom=14&lat=-3.08219&lng=19.18118&themeId=DEFAULT-THEME&datasetId=S2L2A&fromTime=2020-08-12T00%3A00%3A00.000Z&toTime=2020-08-12T23%3A59%3A59.999Z&layerId=1_TRUE_COLOR&visualizationUrl=https%3A%2F%2Fservices.sentinel-hub.com%2Fogc%2Fwms%2Fbd86bcc0-f318-402b-a145-015f85b9427e,Image 99,ISL,Rainforest,,,,"ISL, Rainforest"
100,M,-3.08245,19.16616,"{""type"":""Polygon"",""coordinates"":[[[19.246502,-3.126632],[19.246502,-3.082752],[19.150887,-3.038183],[19.085827,-3.04984],[19.130287,-3.122347],[19.246502,-3.126632]]]}",@500m,DRC,039/11,6-Oct-20,N/A,119.41,12-Aug-20,s3://sentinel-s2-l2a/tiles/34/M/CB/2020/8/12/0/,https://apps.sentinel-hub.com/eo-browser/?zoom=14&lat=-3.08245&lng=19.16616&themeId=DEFAULT-THEME&datasetId=S2L2A&fromTime=2020-08-12T00%3A00%3A00.000Z&toTime=2020-08-12T23%3A59%3A59.999Z&layerId=1_TRUE_COLOR&visualizationUrl=https%3A%2F%2Fservices.sentinel-hub.com%2Fogc%2Fwms%2Fbd86bcc0-f318-402b-a145-015f85b9427e,Image 100,ISL,Rainforest,,,,"ISL, Rainforest"
101,Y,-3.27737,18.82696,"{""type"":""Polygon"",""coordinates"":[[[18.620796,-3.184909],[18.965664,-3.181138],[19.033127,-3.264605],[19.025745,-3.373256],[18.641911,-3.371542],[18.620796,-3.184909]]]}",@1000m,DRC,N/A,4-Oct-20,N/A,903.31,14-Apr-20,s3://sentinel-s2-l2a/tiles/34/M/BB/2020/4/24/0/,https://apps.sentinel-hub.com/eo-browser/?zoom=13&lat=-3.27737&lng=18.82696&themeId=DEFAULT-THEME&datasetId=S2L2A&fromTime=2020-04-24T00%3A00%3A00.000Z&toTime=2020-04-24T23%3A59%3A59.999Z&layerId=1_TRUE_COLOR&visualizationUrl=https%3A%2F%2Fservices.sentinel-hub.com%2Fogc%2Fwms%2Fbd86bcc0-f318-402b-a145-015f85b9427e,Image 101: Complex river (Lukenie),Rainforest,River,Habitation,Shifting cultivation,Roads,"Rainforest, River, Habitation, Shifting cultivation, Roads"